/*
 Navicat MySQL Data Transfer

 Source Server         : localhost_mysql
 Source Server Type    : MySQL
 Source Server Version : 50713
 Source Host           : 127.0.0.1
 Source Database       : admin

 Target Server Type    : MySQL
 Target Server Version : 50713
 File Encoding         : utf-8

 Date: 07/08/2016 17:49:47 PM
*/

SET NAMES utf8;
SET FOREIGN_KEY_CHECKS = 0;

-- ----------------------------
--  Table structure for `sys_login_logout`
-- ----------------------------
DROP TABLE IF EXISTS `sys_login_logout`;
CREATE TABLE `sys_login_logout` (
  `id` bigint(20) NOT NULL AUTO_INCREMENT COMMENT 'id',
  `username` varchar(100) DEFAULT NULL COMMENT '用户名',
  `ip` varchar(100) DEFAULT NULL COMMENT '登陆者ip地址',
  `content` varchar(400) DEFAULT NULL COMMENT '内容',
  `type` varchar(10) DEFAULT NULL COMMENT '类型',
  `date` datetime DEFAULT NULL COMMENT '时间',
  PRIMARY KEY (`id`)
) ENGINE=InnoDB AUTO_INCREMENT=898 DEFAULT CHARSET=utf8 COMMENT='系统登录登出记录表';

-- ----------------------------
--  Records of `sys_login_logout`
-- ----------------------------
BEGIN;
INSERT INTO `sys_login_logout` VALUES ('1', 'admin', '192.168.0.101', 'admin 于 2015-11-09 16:41:03 成功登录后台管理系统', 'login', '2015-11-09 16:41:03'), ('2', 'admin', '192.168.0.101', 'admin 于 2015-11-09 17:40:56 session超时退出系统', 'timeout', '2015-11-09 17:40:57'), ('3', 'admin', '192.168.0.101', 'admin 于 2015-11-10 20:27:57 成功登录后台管理系统', 'login', '2015-11-10 20:27:57'), ('4', 'admin', '192.168.0.101', 'admin 于 2015-11-10 21:27:50 session超时退出系统', 'timeout', '2015-11-10 21:27:51'), ('5', 'admin', '192.168.0.101', 'admin 于 2015-11-18 21:26:35 成功登录后台管理系统', 'login', '2015-11-18 21:26:36'), ('6', 'admin', '127.0.0.1', 'admin 于 2015-11-18 22:18:50 安全退出系统', 'logout', '2015-11-18 22:18:51'), ('7', 'admin', '127.0.0.1', 'admin 于 2015-11-18 22:18:52 成功登录后台管理系统', 'login', '2015-11-18 22:18:52'), ('8', 'admin', '127.0.0.1', 'admin 于 2015-11-19 13:44:38 成功登录后台管理系统', 'login', '2015-11-19 13:44:39'), ('9', 'admin', '127.0.0.1', 'admin 于 2015-11-19 13:58:59 成功登录后台管理系统', 'login', '2015-11-19 13:59:00'), ('10', 'admin', '127.0.0.1', 'admin 于 2015-11-19 16:45:18 成功登录后台管理系统', 'login', '2015-11-19 16:45:18'), ('11', 'admin', '127.0.0.1', 'admin 于 2015-11-20 16:40:56 成功登录后台管理系统', 'login', '2015-11-20 16:40:57'), ('12', 'admin', '127.0.0.1', 'admin 于 2015-11-20 17:40:53 session超时退出系统', 'timeout', '2015-11-20 17:40:54'), ('13', 'admin', '127.0.0.1', 'admin 于 2015-11-20 17:47:19 成功登录后台管理系统', 'login', '2015-11-20 17:47:20'), ('14', 'admin', '127.0.0.1', 'admin 于 2015-11-21 14:12:38 成功登录后台管理系统', 'login', '2015-11-21 14:12:38'), ('15', 'admin', '127.0.0.1', 'admin 于 2015-11-21 15:29:47 成功登录后台管理系统', 'login', '2015-11-21 15:29:47'), ('16', 'admin', '127.0.0.1', 'admin 于 2015-11-21 15:37:00 成功登录后台管理系统', 'login', '2015-11-21 15:37:01'), ('17', 'admin', '127.0.0.1', 'admin 于 2015-11-21 15:45:08 成功登录后台管理系统', 'login', '2015-11-21 15:45:08'), ('18', 'admin', '127.0.0.1', 'admin 于 2015-11-21 15:57:23 成功登录后台管理系统', 'login', '2015-11-21 15:57:23'), ('19', 'admin', '127.0.0.1', 'admin 于 2015-11-21 16:08:22 成功登录后台管理系统', 'login', '2015-11-21 16:08:23'), ('20', 'admin', '127.0.0.1', 'admin 于 2015-11-21 16:28:44 成功登录后台管理系统', 'login', '2015-11-21 16:28:44'), ('21', 'admin', '127.0.0.1', 'admin 于 2015-11-21 16:37:41 成功登录后台管理系统', 'login', '2015-11-21 16:37:41'), ('22', 'admin', '127.0.0.1', 'admin 于 2015-11-21 16:48:56 成功登录后台管理系统', 'login', '2015-11-21 16:48:57'), ('23', 'admin', '127.0.0.1', 'admin 于 2015-11-21 17:03:34 成功登录后台管理系统', 'login', '2015-11-21 17:03:35'), ('24', 'admin', '127.0.0.1', 'admin 于 2015-11-21 17:05:21 成功登录后台管理系统', 'login', '2015-11-21 17:05:22'), ('25', 'admin', '127.0.0.1', 'admin 于 2015-11-21 17:09:58 成功登录后台管理系统', 'login', '2015-11-21 17:09:58'), ('26', 'admin', '127.0.0.1', 'admin 于 2015-11-22 13:26:30 成功登录后台管理系统', 'login', '2015-11-22 13:26:31'), ('27', 'admin', '127.0.0.1', 'admin 于 2015-11-22 13:36:47 成功登录后台管理系统', 'login', '2015-11-22 13:36:47'), ('28', 'admin', '127.0.0.1', 'admin 于 2015-11-22 17:32:48 成功登录后台管理系统', 'login', '2015-11-22 17:32:48'), ('29', 'admin', '127.0.0.1', 'admin 于 2015-11-22 21:07:34 成功登录后台管理系统', 'login', '2015-11-22 21:07:35'), ('30', 'admin', '127.0.0.1', 'admin 于 2015-11-24 10:42:51 成功登录后台管理系统', 'login', '2015-11-24 10:42:52'), ('31', 'admin', '127.0.0.1', 'admin 于 2015-11-24 10:51:31 成功登录后台管理系统', 'login', '2015-11-24 10:51:32'), ('32', 'admin', '127.0.0.1', 'admin 于 2015-11-24 11:25:51 成功登录后台管理系统', 'login', '2015-11-24 11:25:51'), ('33', 'admin', '127.0.0.1', 'admin 于 2015-11-24 11:32:31 成功登录后台管理系统', 'login', '2015-11-24 11:32:32'), ('34', 'admin', '127.0.0.1', 'admin 于 2015-11-24 11:34:22 成功登录后台管理系统', 'login', '2015-11-24 11:34:23'), ('35', 'admin', '127.0.0.1', 'admin 于 2015-11-24 11:36:30 成功登录后台管理系统', 'login', '2015-11-24 11:36:31'), ('36', 'admin', '127.0.0.1', 'admin 于 2015-11-24 12:36:24 session超时退出系统', 'timeout', '2015-11-24 12:36:24'), ('37', 'admin', '127.0.0.1', 'admin 于 2015-11-24 12:41:07 成功登录后台管理系统', 'login', '2015-11-24 12:41:08'), ('38', 'admin', '127.0.0.1', 'admin 于 2015-11-24 13:23:03 安全退出系统', 'logout', '2015-11-24 13:23:03'), ('39', 'admin', '127.0.0.1', 'admin 于 2015-11-24 13:23:04 成功登录后台管理系统', 'login', '2015-11-24 13:23:05'), ('40', 'admin', '127.0.0.1', 'admin 于 2015-11-24 14:08:57 成功登录后台管理系统', 'login', '2015-11-24 14:08:58'), ('41', 'admin', '127.0.0.1', 'admin 于 2015-11-24 14:10:48 成功登录后台管理系统', 'login', '2015-11-24 14:10:48'), ('42', 'admin', '127.0.0.1', 'admin 于 2015-11-24 17:04:11 成功登录后台管理系统', 'login', '2015-11-24 17:04:11'), ('43', 'admin', '127.0.0.1', 'admin 于 2015-11-24 20:39:16 成功登录后台管理系统', 'login', '2015-11-24 20:39:16'), ('44', 'admin', '192.168.0.101', 'admin 于 2015-11-24 20:57:34 成功登录后台管理系统', 'login', '2015-11-24 20:57:34'), ('45', 'admin', '192.168.0.101', 'admin 于 2015-11-26 19:55:38 成功登录后台管理系统', 'login', '2015-11-26 19:55:38'), ('46', 'admin', '127.0.0.1', 'admin 于 2015-11-26 20:01:21 成功登录后台管理系统', 'login', '2015-11-26 20:01:21'), ('47', 'admin', '127.0.0.1', 'admin 于 2015-11-26 20:15:00 成功登录后台管理系统', 'login', '2015-11-26 20:15:01'), ('48', 'admin', '127.0.0.1', 'admin 于 2015-11-26 20:32:39 成功登录后台管理系统', 'login', '2015-11-26 20:32:39'), ('49', 'admin', '127.0.0.1', 'admin 于 2015-11-26 20:53:58 成功登录后台管理系统', 'login', '2015-11-26 20:53:59'), ('50', 'admin', '127.0.0.1', 'admin 于 2015-11-26 21:24:06 成功登录后台管理系统', 'login', '2015-11-26 21:24:07'), ('51', 'admin', '127.0.0.1', 'admin 于 2015-11-26 21:25:12 成功登录后台管理系统', 'login', '2015-11-26 21:25:13'), ('52', 'admin', '127.0.0.1', 'admin 于 2015-11-26 21:33:11 成功登录后台管理系统', 'login', '2015-11-26 21:33:12'), ('53', 'admin', '127.0.0.1', 'admin 于 2015-11-26 21:37:21 成功登录后台管理系统', 'login', '2015-11-26 21:37:21'), ('54', 'admin', '127.0.0.1', 'admin 于 2015-11-26 21:41:13 成功登录后台管理系统', 'login', '2015-11-26 21:41:13'), ('55', 'admin', '192.168.0.101', 'admin 于 2015-11-26 21:48:37 成功登录后台管理系统', 'login', '2015-11-26 21:48:37'), ('56', 'admin', '127.0.0.1', 'admin 于 2015-11-26 21:53:52 session超时退出系统', 'timeout', '2015-11-26 21:53:53'), ('57', 'admin', '127.0.0.1', 'admin 于 2015-11-26 22:18:47 成功登录后台管理系统', 'login', '2015-11-26 22:18:48'), ('58', 'admin', '127.0.0.1', 'admin 于 2015-11-26 22:18:58 安全退出系统', 'logout', '2015-11-26 22:18:58'), ('59', 'admin', '127.0.0.1', 'admin 于 2015-11-26 22:19:24 成功登录后台管理系统', 'login', '2015-11-26 22:19:24'), ('60', 'admin', '127.0.0.1', 'admin 于 2015-11-26 22:21:24 成功登录后台管理系统', 'login', '2015-11-26 22:21:24'), ('61', 'admin', '127.0.0.1', 'admin 于 2015-11-26 22:52:31 session超时退出系统', 'timeout', '2015-11-26 22:52:32'), ('62', 'admin', '127.0.0.1', 'admin 于 2015-11-26 22:52:34 成功登录后台管理系统', 'login', '2015-11-26 22:52:34'), ('63', 'admin', '127.0.0.1', 'admin 于 2015-11-26 23:08:53 成功登录后台管理系统', 'login', '2015-11-26 23:08:54'), ('64', 'admin', '127.0.0.1', 'admin 于 2015-11-27 09:49:41 成功登录后台管理系统', 'login', '2015-11-27 09:49:41'), ('65', 'admin', '127.0.0.1', 'admin 于 2015-11-27 11:18:48 session超时退出系统', 'timeout', '2015-11-27 11:18:48'), ('66', 'admin', '192.168.0.101', 'admin 于 2015-11-27 15:30:24 成功登录后台管理系统', 'login', '2015-11-27 15:30:25'), ('67', 'admin', '192.168.0.101', 'admin 于 2015-11-27 16:01:03 session超时退出系统', 'timeout', '2015-11-27 16:01:03'), ('68', 'admin', '192.168.0.101', 'admin 于 2015-11-27 16:01:09 成功登录后台管理系统', 'login', '2015-11-27 16:01:10'), ('69', 'admin', '127.0.0.1', 'admin 于 2015-11-27 16:31:45 成功登录后台管理系统', 'login', '2015-11-27 16:31:46'), ('70', 'admin', '192.168.0.101', 'admin 于 2015-11-27 16:34:06 成功登录后台管理系统', 'login', '2015-11-27 16:34:07'), ('71', 'admin', '192.168.0.101', 'admin 于 2015-11-27 17:37:54 成功登录后台管理系统', 'login', '2015-11-27 17:37:55'), ('72', 'admin', '192.168.0.101', 'admin 于 2015-11-27 17:47:56 成功登录后台管理系统', 'login', '2015-11-27 17:47:57'), ('73', 'admin', '192.168.0.101', 'admin 于 2015-11-27 20:00:49 成功登录后台管理系统', 'login', '2015-11-27 20:00:50'), ('74', 'admin', '192.168.0.101', 'admin 于 2015-11-27 20:25:38 成功登录后台管理系统', 'login', '2015-11-27 20:25:38'), ('75', 'admin', '127.0.0.1', 'admin 于 2015-11-27 20:30:44 成功登录后台管理系统', 'login', '2015-11-27 20:30:45'), ('76', 'admin', '127.0.0.1', 'admin 于 2015-11-27 20:47:21 成功登录后台管理系统', 'login', '2015-11-27 20:47:21'), ('77', 'admin', '127.0.0.1', 'admin 于 2015-11-27 21:17:22 成功登录后台管理系统', 'login', '2015-11-27 21:17:22'), ('78', 'admin', '127.0.0.1', 'admin 于 2015-11-27 21:48:12 成功登录后台管理系统', 'login', '2015-11-27 21:48:12'), ('79', 'admin', '127.0.0.1', 'admin 于 2015-11-27 21:57:48 成功登录后台管理系统', 'login', '2015-11-27 21:57:48'), ('80', 'admin', '127.0.0.1', 'admin 于 2015-11-27 21:59:10 成功登录后台管理系统', 'login', '2015-11-27 21:59:11'), ('81', 'admin', '127.0.0.1', 'admin 于 2015-11-27 22:00:37 成功登录后台管理系统', 'login', '2015-11-27 22:00:37'), ('82', 'admin', '127.0.0.1', 'admin 于 2015-11-27 22:10:16 成功登录后台管理系统', 'login', '2015-11-27 22:10:17'), ('83', 'admin', '127.0.0.1', 'admin 于 2015-11-27 22:13:21 成功登录后台管理系统', 'login', '2015-11-27 22:13:21'), ('84', 'admin', '127.0.0.1', 'admin 于 2015-11-27 22:15:24 成功登录后台管理系统', 'login', '2015-11-27 22:15:25'), ('85', 'admin', '127.0.0.1', 'admin 于 2015-11-27 22:16:37 成功登录后台管理系统', 'login', '2015-11-27 22:16:37'), ('86', 'admin', '192.168.0.101', 'admin 于 2015-11-28 21:06:26 成功登录后台管理系统', 'login', '2015-11-28 21:06:27'), ('87', 'admin', '192.168.0.101', 'admin 于 2015-11-29 11:24:25 成功登录后台管理系统', 'login', '2015-11-29 11:24:26'), ('88', 'admin', '192.168.0.101', 'admin 于 2015-11-29 11:30:34 成功登录后台管理系统', 'login', '2015-11-29 11:30:35'), ('89', 'admin', '127.0.0.1', 'admin 于 2015-11-29 14:33:25 成功登录后台管理系统', 'login', '2015-11-29 14:33:26'), ('90', 'admin', '127.0.0.1', 'admin 于 2015-11-29 14:57:33 成功登录后台管理系统', 'login', '2015-11-29 14:57:33'), ('91', 'admin', '127.0.0.1', 'admin 于 2015-11-29 15:03:56 成功登录后台管理系统', 'login', '2015-11-29 15:03:57'), ('92', 'admin', '192.168.0.101', 'admin 于 2015-11-29 15:04:40 成功登录后台管理系统', 'login', '2015-11-29 15:04:41'), ('93', 'admin', '127.0.0.1', 'admin 于 2015-11-29 15:18:40 成功登录后台管理系统', 'login', '2015-11-29 15:18:40'), ('94', 'admin', '127.0.0.1', 'admin 于 2015-11-29 15:52:16 session超时退出系统', 'timeout', '2015-11-29 15:52:16'), ('95', 'admin', '127.0.0.1', 'admin 于 2015-11-29 15:52:17 成功登录后台管理系统', 'login', '2015-11-29 15:52:18'), ('96', 'admin', '127.0.0.1', 'admin 于 2015-11-29 15:53:21 成功登录后台管理系统', 'login', '2015-11-29 15:53:21'), ('97', 'admin', '127.0.0.1', 'admin 于 2015-11-29 15:55:33 成功登录后台管理系统', 'login', '2015-11-29 15:55:34'), ('98', 'admin', '127.0.0.1', 'admin 于 2015-11-29 16:19:29 成功登录后台管理系统', 'login', '2015-11-29 16:19:29'), ('99', 'admin', '192.168.0.101', 'admin 于 2015-11-29 16:24:31 session超时退出系统', 'timeout', '2015-11-29 16:24:31'), ('100', 'admin', '192.168.0.101', 'admin 于 2015-11-29 16:24:36 成功登录后台管理系统', 'login', '2015-11-29 16:24:36'), ('101', 'admin', '127.0.0.1', 'admin 于 2015-11-29 16:46:06 成功登录后台管理系统', 'login', '2015-11-29 16:46:07'), ('102', 'admin', '127.0.0.1', 'admin 于 2015-11-29 16:55:31 session超时退出系统', 'timeout', '2015-11-29 16:55:31'), ('103', 'admin', '127.0.0.1', 'admin 于 2015-11-29 17:17:24 成功登录后台管理系统', 'login', '2015-11-29 17:17:25'), ('104', 'admin', '127.0.0.1', 'admin 于 2015-11-29 17:18:12 成功登录后台管理系统', 'login', '2015-11-29 17:18:13'), ('105', 'admin', '192.168.0.101', 'admin 于 2015-11-29 17:19:07 成功登录后台管理系统', 'login', '2015-11-29 17:19:07'), ('106', 'admin', '127.0.0.1', 'admin 于 2015-11-29 17:29:03 成功登录后台管理系统', 'login', '2015-11-29 17:29:04'), ('107', 'admin', '127.0.0.1', 'admin 于 2015-11-29 17:35:37 成功登录后台管理系统', 'login', '2015-11-29 17:35:38'), ('108', 'admin', '127.0.0.1', 'admin 于 2015-11-29 17:43:28 成功登录后台管理系统', 'login', '2015-11-29 17:43:29'), ('109', 'admin', '127.0.0.1', 'admin 于 2015-11-29 18:43:25 session超时退出系统', 'timeout', '2015-11-29 18:43:26'), ('110', 'admin', '127.0.0.1', 'admin 于 2015-11-29 20:11:09 成功登录后台管理系统', 'login', '2015-11-29 20:11:09'), ('111', 'admin', '127.0.0.1', 'admin 于 2015-11-29 20:11:58 成功登录后台管理系统', 'login', '2015-11-29 20:11:59'), ('112', 'admin', '192.168.0.88', 'admin 于 2015-11-29 20:22:02 成功登录后台管理系统', 'login', '2015-11-29 20:22:03'), ('113', 'admin', '127.0.0.1', 'admin 于 2015-11-29 20:25:22 成功登录后台管理系统', 'login', '2015-11-29 20:25:22'), ('114', 'admin', '127.0.0.1', 'admin 于 2015-11-29 20:26:41 成功登录后台管理系统', 'login', '2015-11-29 20:26:41'), ('115', 'admin', '127.0.0.1', 'admin 于 2015-11-29 20:30:01 成功登录后台管理系统', 'login', '2015-11-29 20:30:01'), ('116', 'admin', '127.0.0.1', 'admin 于 2015-11-29 20:45:47 成功登录后台管理系统', 'login', '2015-11-29 20:45:48'), ('117', 'admin', '127.0.0.1', 'admin 于 2015-11-29 21:05:02 成功登录后台管理系统', 'login', '2015-11-29 21:05:03'), ('118', 'admin', '127.0.0.1', 'admin 于 2015-11-29 21:06:52 成功登录后台管理系统', 'login', '2015-11-29 21:06:53'), ('119', 'admin', '127.0.0.1', 'admin 于 2015-11-29 21:10:30 成功登录后台管理系统', 'login', '2015-11-29 21:10:31'), ('120', 'admin', '127.0.0.1', 'admin 于 2015-11-29 21:13:47 session超时退出系统', 'timeout', '2015-11-29 21:13:48'), ('121', 'admin', '127.0.0.1', 'admin 于 2015-11-29 21:13:49 成功登录后台管理系统', 'login', '2015-11-29 21:13:49'), ('122', 'admin', '127.0.0.1', 'admin 于 2015-11-29 21:15:26 成功登录后台管理系统', 'login', '2015-11-29 21:15:27'), ('error', 'admin', '127.0.0.1', 'admin 于 2015-11-29 21:17:09 成功登录后台管理系统', 'login', '2015-11-29 21:17:10'), ('124', 'admin', '127.0.0.1', 'admin 于 2015-11-29 21:22:59 成功登录后台管理系统', 'login', '2015-11-29 21:23:00'), ('125', 'admin', '127.0.0.1', 'admin 于 2015-11-29 21:27:14 成功登录后台管理系统', 'login', '2015-11-29 21:27:14'), ('126', 'admin', '127.0.0.1', 'admin 于 2015-11-29 21:30:51 成功登录后台管理系统', 'login', '2015-11-29 21:30:52'), ('127', 'admin', '127.0.0.1', 'admin 于 2015-11-29 21:36:36 成功登录后台管理系统', 'login', '2015-11-29 21:36:36'), ('128', 'admin', '127.0.0.1', 'admin 于 2015-11-29 21:45:07 成功登录后台管理系统', 'login', '2015-11-29 21:45:07'), ('129', 'admin', '127.0.0.1', 'admin 于 2015-11-29 21:48:24 成功登录后台管理系统', 'login', '2015-11-29 21:48:24'), ('130', 'admin', '127.0.0.1', 'admin 于 2015-11-29 22:14:34 成功登录后台管理系统', 'login', '2015-11-29 22:14:34'), ('131', 'admin', '192.168.0.101', 'admin 于 2015-11-29 22:22:15 成功登录后台管理系统', 'login', '2015-11-29 22:22:15'), ('132', 'admin', '127.0.0.1', 'admin 于 2015-11-29 22:25:31 成功登录后台管理系统', 'login', '2015-11-29 22:25:31'), ('133', 'admin', '127.0.0.1', 'admin 于 2015-11-29 22:28:33 成功登录后台管理系统', 'login', '2015-11-29 22:28:33'), ('134', 'admin', '127.0.0.1', 'admin 于 2015-11-29 22:31:09 成功登录后台管理系统', 'login', '2015-11-29 22:31:09'), ('135', 'admin', '127.0.0.1', 'admin 于 2015-11-29 22:37:31 成功登录后台管理系统', 'login', '2015-11-29 22:37:32'), ('136', 'admin', '127.0.0.1', 'admin 于 2015-11-29 22:40:30 成功登录后台管理系统', 'login', '2015-11-29 22:40:31'), ('137', 'admin', '127.0.0.1', 'admin 于 2015-11-29 22:44:55 成功登录后台管理系统', 'login', '2015-11-29 22:44:56'), ('138', 'admin', '127.0.0.1', 'admin 于 2015-11-29 22:47:04 成功登录后台管理系统', 'login', '2015-11-29 22:47:04'), ('139', 'admin', '127.0.0.1', 'admin 于 2015-11-29 22:56:09 成功登录后台管理系统', 'login', '2015-11-29 22:56:09'), ('140', 'admin', '127.0.0.1', 'admin 于 2015-11-29 22:56:58 成功登录后台管理系统', 'login', '2015-11-29 22:56:59'), ('141', 'admin', '127.0.0.1', 'admin 于 2015-11-29 23:02:27 成功登录后台管理系统', 'login', '2015-11-29 23:02:28'), ('142', 'admin', '127.0.0.1', 'admin 于 2015-11-29 23:06:56 成功登录后台管理系统', 'login', '2015-11-29 23:06:57'), ('143', 'admin', '127.0.0.1', 'admin 于 2015-11-29 23:08:33 成功登录后台管理系统', 'login', '2015-11-29 23:08:34'), ('144', 'admin', '127.0.0.1', 'admin 于 2015-11-29 23:10:53 成功登录后台管理系统', 'login', '2015-11-29 23:10:54'), ('145', 'admin', '127.0.0.1', 'admin 于 2015-11-29 23:15:02 成功登录后台管理系统', 'login', '2015-11-29 23:15:02'), ('146', 'admin', '127.0.0.1', 'admin 于 2015-11-29 23:15:38 成功登录后台管理系统', 'login', '2015-11-29 23:15:38'), ('147', 'admin', '127.0.0.1', 'admin 于 2015-11-29 23:17:15 成功登录后台管理系统', 'login', '2015-11-29 23:17:16'), ('148', 'admin', '127.0.0.1', 'admin 于 2015-11-29 23:19:10 成功登录后台管理系统', 'login', '2015-11-29 23:19:10'), ('149', 'admin', '127.0.0.1', 'admin 于 2015-11-29 23:22:00 成功登录后台管理系统', 'login', '2015-11-29 23:22:00'), ('150', 'admin', '127.0.0.1', 'admin 于 2015-11-29 23:25:18 成功登录后台管理系统', 'login', '2015-11-29 23:25:18'), ('151', 'admin', '127.0.0.1', 'admin 于 2015-11-29 23:29:44 成功登录后台管理系统', 'login', '2015-11-29 23:29:45'), ('152', 'admin', '192.168.0.101', 'admin 于 2015-11-29 23:30:02 成功登录后台管理系统', 'login', '2015-11-29 23:30:02'), ('153', 'admin', '127.0.0.1', 'admin 于 2015-11-29 23:32:33 成功登录后台管理系统', 'login', '2015-11-29 23:32:33'), ('154', 'admin', '192.168.0.101', 'admin 于 2015-11-29 23:35:57 成功登录后台管理系统', 'login', '2015-11-29 23:35:58'), ('155', 'admin', '127.0.0.1', 'admin 于 2015-11-29 23:38:22 成功登录后台管理系统', 'login', '2015-11-29 23:38:23'), ('156', 'admin', '127.0.0.1', 'admin 于 2015-11-29 23:40:46 成功登录后台管理系统', 'login', '2015-11-29 23:40:47'), ('157', 'admin', '127.0.0.1', 'admin 于 2015-11-29 23:53:28 成功登录后台管理系统', 'login', '2015-11-29 23:53:28'), ('158', 'admin', '127.0.0.1', 'admin 于 2015-11-30 00:03:44 成功登录后台管理系统', 'login', '2015-11-30 00:03:44'), ('159', 'admin', '127.0.0.1', 'admin 于 2015-11-30 00:05:54 成功登录后台管理系统', 'login', '2015-11-30 00:05:54'), ('160', 'admin', '127.0.0.1', 'admin 于 2015-11-30 00:10:34 成功登录后台管理系统', 'login', '2015-11-30 00:10:35'), ('161', 'admin', '192.168.0.101', 'admin 于 2015-11-30 10:34:31 成功登录后台管理系统', 'login', '2015-11-30 10:34:32'), ('162', 'admin', '127.0.0.1', 'admin 于 2015-11-30 10:48:49 成功登录后台管理系统', 'login', '2015-11-30 10:48:50'), ('163', 'admin', '127.0.0.1', 'admin 于 2015-11-30 10:51:48 安全退出系统', 'logout', '2015-11-30 10:51:49'), ('164', 'admin', '127.0.0.1', 'admin 于 2015-11-30 10:51:49 成功登录后台管理系统', 'login', '2015-11-30 10:51:50'), ('165', 'admin', '192.168.0.101', 'admin 于 2015-11-30 11:26:13 session超时退出系统', 'timeout', '2015-11-30 11:26:13'), ('166', 'admin', '192.168.0.101', 'admin 于 2015-11-30 11:26:18 成功登录后台管理系统', 'login', '2015-11-30 11:26:18'), ('167', 'admin', '127.0.0.1', 'admin 于 2015-11-30 11:38:44 成功登录后台管理系统', 'login', '2015-11-30 11:38:45'), ('168', 'admin', '127.0.0.1', 'admin 于 2015-11-30 12:38:40 session超时退出系统', 'timeout', '2015-11-30 12:38:41'), ('169', 'admin', '192.168.0.101', 'admin 于 2015-11-30 14:13:53 成功登录后台管理系统', 'login', '2015-11-30 14:13:54'), ('170', 'admin', '127.0.0.1', 'admin 于 2015-11-30 14:14:58 成功登录后台管理系统', 'login', '2015-11-30 14:14:58'), ('171', 'admin', '127.0.0.1', 'admin 于 2015-11-30 14:18:38 成功登录后台管理系统', 'login', '2015-11-30 14:18:39'), ('172', 'admin', '192.168.0.101', 'admin 于 2015-11-30 14:21:38 安全退出系统', 'logout', '2015-11-30 14:21:39'), ('173', 'admin', '192.168.0.101', 'admin 于 2015-11-30 14:28:10 成功登录后台管理系统', 'login', '2015-11-30 14:28:11'), ('174', 'admin', '127.0.0.1', 'admin 于 2015-11-30 14:29:31 成功登录后台管理系统', 'login', '2015-11-30 14:29:32'), ('175', 'admin', '127.0.0.1', 'admin 于 2015-11-30 14:38:50 成功登录后台管理系统', 'login', '2015-11-30 14:38:51'), ('176', 'admin', '127.0.0.1', 'admin 于 2015-11-30 14:40:23 成功登录后台管理系统', 'login', '2015-11-30 14:40:23'), ('177', 'admin', '127.0.0.1', 'admin 于 2015-11-30 14:42:45 成功登录后台管理系统', 'login', '2015-11-30 14:42:46'), ('178', 'admin', '127.0.0.1', 'admin 于 2015-11-30 14:50:08 成功登录后台管理系统', 'login', '2015-11-30 14:50:08'), ('179', 'admin', '127.0.0.1', 'admin 于 2015-11-30 14:51:21 成功登录后台管理系统', 'login', '2015-11-30 14:51:22'), ('180', 'admin', '127.0.0.1', 'admin 于 2015-11-30 14:56:44 成功登录后台管理系统', 'login', '2015-11-30 14:56:45'), ('181', 'admin', '127.0.0.1', 'admin 于 2015-11-30 15:01:35 成功登录后台管理系统', 'login', '2015-11-30 15:01:35'), ('182', 'admin', '127.0.0.1', 'admin 于 2015-11-30 15:03:52 成功登录后台管理系统', 'login', '2015-11-30 15:03:53'), ('183', 'admin', '192.168.0.101', 'admin 于 2015-11-30 15:04:24 session超时退出系统', 'timeout', '2015-11-30 15:04:25'), ('184', 'admin', '127.0.0.1', 'admin 于 2015-11-30 15:21:48 成功登录后台管理系统', 'login', '2015-11-30 15:21:49'), ('185', 'admin', '127.0.0.1', 'admin 于 2015-11-30 16:20:05 session超时退出系统', 'timeout', '2015-11-30 16:20:06'), ('186', 'admin', '192.168.0.101', 'admin 于 2015-11-30 16:25:51 成功登录后台管理系统', 'login', '2015-11-30 16:25:52'), ('187', 'admin', '192.168.0.101', 'admin 于 2015-11-30 16:25:59 安全退出系统', 'logout', '2015-11-30 16:25:59'), ('188', 'admin', '127.0.0.1', 'admin 于 2015-11-30 16:27:18 成功登录后台管理系统', 'login', '2015-11-30 16:27:18'), ('189', 'admin', '127.0.0.1', 'admin 于 2015-11-30 16:29:49 成功登录后台管理系统', 'login', '2015-11-30 16:29:50'), ('190', 'admin', '127.0.0.1', 'admin 于 2015-11-30 16:42:14 成功登录后台管理系统', 'login', '2015-11-30 16:42:15'), ('191', 'admin', '127.0.0.1', 'admin 于 2015-11-30 16:45:52 成功登录后台管理系统', 'login', '2015-11-30 16:45:53'), ('192', 'admin', '192.168.0.101', 'admin 于 2015-11-30 16:47:02 成功登录后台管理系统', 'login', '2015-11-30 16:47:03'), ('193', 'admin', '127.0.0.1', 'admin 于 2015-11-30 16:50:50 成功登录后台管理系统', 'login', '2015-11-30 16:50:50'), ('194', 'admin', '127.0.0.1', 'admin 于 2015-11-30 16:56:58 成功登录后台管理系统', 'login', '2015-11-30 16:56:59'), ('195', 'admin', '192.168.0.101', 'admin 于 2015-12-01 09:24:42 成功登录后台管理系统', 'login', '2015-12-01 09:24:42'), ('196', 'admin', '127.0.0.1', 'admin 于 2015-12-01 09:46:22 成功登录后台管理系统', 'login', '2015-12-01 09:46:23'), ('197', 'admin', '192.168.0.250', 'admin 于 2015-12-01 09:47:28 成功登录后台管理系统', 'login', '2015-12-01 09:47:28'), ('198', 'admin', '192.168.0.101', 'admin 于 2015-12-01 10:24:36 session超时退出系统', 'timeout', '2015-12-01 10:24:36'), ('199', 'admin', '192.168.0.250', 'admin 于 2015-12-01 10:24:36 session超时退出系统', 'timeout', '2015-12-01 10:24:36'), ('200', 'admin', '127.0.0.1', 'admin 于 2015-12-01 13:28:50 成功登录后台管理系统', 'login', '2015-12-01 13:28:50'), ('201', 'admin', '192.168.0.101', 'admin 于 2015-12-01 13:39:02 成功登录后台管理系统', 'login', '2015-12-01 13:39:03'), ('202', 'admin', '192.168.0.113', 'admin 于 2015-12-01 13:44:44 成功登录后台管理系统', 'login', '2015-12-01 13:44:44'), ('203', 'admin', '192.168.0.113', 'admin 于 2015-12-01 13:45:00 安全退出系统', 'logout', '2015-12-01 13:45:01'), ('204', 'admin', '192.168.0.113', 'admin 于 2015-12-01 13:45:13 成功登录后台管理系统', 'login', '2015-12-01 13:45:14'), ('205', 'admin', '127.0.0.1', 'admin 于 2015-12-01 14:12:31 成功登录后台管理系统', 'login', '2015-12-01 14:12:32'), ('206', 'admin', '192.168.0.101', 'admin 于 2015-12-01 14:13:13 session超时退出系统', 'timeout', '2015-12-01 14:13:13'), ('207', 'admin', '192.168.0.101', 'admin 于 2015-12-01 14:13:18 成功登录后台管理系统', 'login', '2015-12-01 14:13:19'), ('208', 'admin', '192.168.0.113', 'admin 于 2015-12-01 14:24:36 session超时退出系统', 'timeout', '2015-12-01 14:24:36'), ('209', 'admin', '127.0.0.1', 'admin 于 2015-12-01 14:42:24 成功登录后台管理系统', 'login', '2015-12-01 14:42:24'), ('210', 'admin', '192.168.0.101', 'admin 于 2015-12-01 14:58:56 成功登录后台管理系统', 'login', '2015-12-01 14:58:56'), ('211', 'admin', '127.0.0.1', 'admin 于 2015-12-01 15:04:01 成功登录后台管理系统', 'login', '2015-12-01 15:04:01'), ('212', 'admin', '127.0.0.1', 'admin 于 2015-12-01 15:19:56 成功登录后台管理系统', 'login', '2015-12-01 15:19:57'), ('213', 'admin', '192.168.0.101', 'admin 于 2015-12-01 15:35:02 session超时退出系统', 'timeout', '2015-12-01 15:35:03'), ('214', 'admin', '192.168.0.101', 'admin 于 2015-12-01 15:35:10 成功登录后台管理系统', 'login', '2015-12-01 15:35:11'), ('215', 'admin', '127.0.0.1', 'admin 于 2015-12-01 16:16:12 成功登录后台管理系统', 'login', '2015-12-01 16:16:12'), ('216', 'admin', '192.168.0.101', 'admin 于 2015-12-01 16:28:51 session超时退出系统', 'timeout', '2015-12-01 16:28:51'), ('217', 'admin', '192.168.0.101', 'admin 于 2015-12-01 17:18:52 成功登录后台管理系统', 'login', '2015-12-01 17:18:53'), ('218', 'admin', '192.168.0.101', 'admin 于 2015-12-02 10:56:16 成功登录后台管理系统', 'login', '2015-12-02 10:56:16'), ('219', 'admin', '127.0.0.1', 'admin 于 2015-12-02 11:03:43 成功登录后台管理系统', 'login', '2015-12-02 11:03:43'), ('220', 'admin', '127.0.0.1', 'admin 于 2015-12-02 12:33:36 session超时退出系统', 'timeout', '2015-12-02 12:33:37'), ('221', 'admin', '127.0.0.1', 'admin 于 2015-12-02 14:17:36 成功登录后台管理系统', 'login', '2015-12-02 14:17:37'), ('222', 'admin', '127.0.0.1', 'admin 于 2015-12-02 15:19:53 成功登录后台管理系统', 'login', '2015-12-02 15:19:54'), ('223', 'admin', '127.0.0.1', 'admin 于 2015-12-02 15:49:28 成功登录后台管理系统', 'login', '2015-12-02 15:49:28'), ('224', 'admin', '127.0.0.1', 'admin 于 2015-12-02 15:51:03 成功登录后台管理系统', 'login', '2015-12-02 15:51:04'), ('225', 'admin', '127.0.0.1', 'admin 于 2015-12-02 15:54:50 成功登录后台管理系统', 'login', '2015-12-02 15:54:50'), ('226', 'admin', '127.0.0.1', 'admin 于 2015-12-02 16:13:31 成功登录后台管理系统', 'login', '2015-12-02 16:13:31'), ('227', 'admin', '127.0.0.1', 'admin 于 2015-12-02 16:17:35 成功登录后台管理系统', 'login', '2015-12-02 16:17:36'), ('228', 'admin', '127.0.0.1', 'admin 于 2015-12-02 16:19:50 session超时退出系统', 'timeout', '2015-12-02 16:19:50'), ('229', 'admin', '127.0.0.1', 'admin 于 2015-12-02 16:26:59 成功登录后台管理系统', 'login', '2015-12-02 16:27:00'), ('230', 'admin', '192.168.0.101', 'admin 于 2015-12-02 16:36:26 成功登录后台管理系统', 'login', '2015-12-02 16:36:27'), ('231', 'admin', '127.0.0.1', 'admin 于 2015-12-02 16:40:10 成功登录后台管理系统', 'login', '2015-12-02 16:40:10'), ('232', 'admin', '127.0.0.1', 'admin 于 2015-12-02 16:58:25 成功登录后台管理系统', 'login', '2015-12-02 16:58:25'), ('233', 'admin', '127.0.0.1', 'admin 于 2015-12-02 17:04:05 成功登录后台管理系统', 'login', '2015-12-02 17:04:05'), ('234', 'admin', '127.0.0.1', 'admin 于 2015-12-02 17:05:34 成功登录后台管理系统', 'login', '2015-12-02 17:05:35'), ('235', 'admin', '127.0.0.1', 'admin 于 2015-12-02 17:38:17 成功登录后台管理系统', 'login', '2015-12-02 17:38:17'), ('236', 'admin', '192.168.0.101', 'admin 于 2015-12-03 09:37:53 成功登录后台管理系统', 'login', '2015-12-03 09:37:54'), ('237', 'admin', '192.168.0.101', 'admin 于 2015-12-03 12:07:44 session超时退出系统', 'timeout', '2015-12-03 12:07:45'), ('238', 'admin', '127.0.0.1', 'admin 于 2015-12-03 13:21:34 成功登录后台管理系统', 'login', '2015-12-03 13:21:35'), ('239', 'admin', '192.168.0.101', 'admin 于 2015-12-03 13:43:48 成功登录后台管理系统', 'login', '2015-12-03 13:43:49'), ('240', 'admin', '127.0.0.1', 'admin 于 2015-12-03 14:08:05 成功登录后台管理系统', 'login', '2015-12-03 14:08:05'), ('241', 'admin', '127.0.0.1', 'admin 于 2015-12-03 14:20:51 成功登录后台管理系统', 'login', '2015-12-03 14:20:51'), ('242', 'admin', '127.0.0.1', 'admin 于 2015-12-03 15:55:34 成功登录后台管理系统', 'login', '2015-12-03 15:55:35'), ('243', 'admin', '127.0.0.1', 'admin 于 2015-12-03 15:58:50 成功登录后台管理系统', 'login', '2015-12-03 15:58:51'), ('244', 'admin', '127.0.0.1', 'admin 于 2015-12-03 16:14:11 成功登录后台管理系统', 'login', '2015-12-03 16:14:12'), ('245', 'admin', '127.0.0.1', 'admin 于 2015-12-03 16:16:00 成功登录后台管理系统', 'login', '2015-12-03 16:16:00'), ('246', 'admin', '127.0.0.1', 'admin 于 2015-12-03 16:18:57 成功登录后台管理系统', 'login', '2015-12-03 16:18:58'), ('247', 'admin', '127.0.0.1', 'admin 于 2015-12-03 16:19:26 成功登录后台管理系统', 'login', '2015-12-03 16:19:26'), ('248', 'admin', '127.0.0.1', 'admin 于 2015-12-03 16:23:15 成功登录后台管理系统', 'login', '2015-12-03 16:23:16'), ('249', 'admin', '127.0.0.1', 'admin 于 2015-12-03 16:26:53 成功登录后台管理系统', 'login', '2015-12-03 16:26:54'), ('250', 'admin', '127.0.0.1', 'admin 于 2015-12-03 16:30:26 成功登录后台管理系统', 'login', '2015-12-03 16:30:27'), ('251', 'admin', '127.0.0.1', 'admin 于 2015-12-03 17:01:27 成功登录后台管理系统', 'login', '2015-12-03 17:01:27'), ('252', 'admin', '127.0.0.1', 'admin 于 2015-12-03 17:34:07 成功登录后台管理系统', 'login', '2015-12-03 17:34:08'), ('253', 'admin', '127.0.0.1', 'admin 于 2015-12-03 17:53:19 成功登录后台管理系统', 'login', '2015-12-03 17:53:19'), ('254', 'admin', '192.168.0.101', 'admin 于 2015-12-04 10:00:20 成功登录后台管理系统', 'login', '2015-12-04 10:00:20'), ('255', 'admin', '127.0.0.1', 'admin 于 2015-12-04 10:23:18 成功登录后台管理系统', 'login', '2015-12-04 10:23:19'), ('256', 'admin', '127.0.0.1', 'admin 于 2015-12-04 10:28:26 成功登录后台管理系统', 'login', '2015-12-04 10:28:26'), ('257', 'admin', '192.168.0.101', 'admin 于 2015-12-04 11:00:15 session超时退出系统', 'timeout', '2015-12-04 11:00:15'), ('258', 'admin', '127.0.0.1', 'admin 于 2015-12-04 12:09:28 成功登录后台管理系统', 'login', '2015-12-04 12:09:28'), ('259', 'admin', '192.168.0.101', 'admin 于 2015-12-04 12:16:59 成功登录后台管理系统', 'login', '2015-12-04 12:17:00'), ('260', 'admin', '127.0.0.1', 'admin 于 2015-12-04 12:19:51 成功登录后台管理系统', 'login', '2015-12-04 12:19:51'), ('261', 'admin', '127.0.0.1', 'admin 于 2015-12-04 14:24:16 成功登录后台管理系统', 'login', '2015-12-04 14:24:16'), ('262', 'admin', '127.0.0.1', 'admin 于 2015-12-04 14:49:51 成功登录后台管理系统', 'login', '2015-12-04 14:49:52'), ('263', 'admin', '192.168.0.101', 'admin 于 2015-12-04 14:51:14 成功登录后台管理系统', 'login', '2015-12-04 14:51:15'), ('264', 'admin', '127.0.0.1', 'admin 于 2015-12-04 14:53:45 成功登录后台管理系统', 'login', '2015-12-04 14:53:45'), ('265', 'admin', '127.0.0.1', 'admin 于 2015-12-04 14:57:40 成功登录后台管理系统', 'login', '2015-12-04 14:57:40'), ('266', 'admin', '127.0.0.1', 'admin 于 2015-12-04 15:02:28 成功登录后台管理系统', 'login', '2015-12-04 15:02:29'), ('267', 'admin', '127.0.0.1', 'admin 于 2015-12-04 15:08:06 成功登录后台管理系统', 'login', '2015-12-04 15:08:07'), ('268', 'admin', '127.0.0.1', 'admin 于 2015-12-04 15:13:38 成功登录后台管理系统', 'login', '2015-12-04 15:13:39'), ('269', 'admin', '127.0.0.1', 'admin 于 2015-12-04 15:28:12 成功登录后台管理系统', 'login', '2015-12-04 15:28:12'), ('270', 'admin', '127.0.0.1', 'admin 于 2015-12-04 15:29:59 成功登录后台管理系统', 'login', '2015-12-04 15:29:59'), ('271', 'admin', '127.0.0.1', 'admin 于 2015-12-04 15:45:05 成功登录后台管理系统', 'login', '2015-12-04 15:45:05'), ('272', 'admin', '192.168.0.101', 'admin 于 2015-12-04 16:09:50 session超时退出系统', 'timeout', '2015-12-04 16:09:50'), ('273', 'admin', '192.168.0.101', 'admin 于 2015-12-04 16:09:54 成功登录后台管理系统', 'login', '2015-12-04 16:09:55'), ('274', 'admin', '127.0.0.1', 'admin 于 2015-12-04 16:10:45 成功登录后台管理系统', 'login', '2015-12-04 16:10:46'), ('275', 'admin', '127.0.0.1', 'admin 于 2015-12-04 16:20:12 成功登录后台管理系统', 'login', '2015-12-04 16:20:13'), ('276', 'admin', '127.0.0.1', 'admin 于 2015-12-04 16:25:22 成功登录后台管理系统', 'login', '2015-12-04 16:25:22'), ('277', 'admin', '127.0.0.1', 'admin 于 2015-12-04 16:30:24 成功登录后台管理系统', 'login', '2015-12-04 16:30:25'), ('278', 'admin', '127.0.0.1', 'admin 于 2015-12-04 16:48:25 成功登录后台管理系统', 'login', '2015-12-04 16:48:26'), ('279', 'admin', '127.0.0.1', 'admin 于 2015-12-04 18:18:23 session超时退出系统', 'timeout', '2015-12-04 18:18:24'), ('280', 'admin', '192.168.0.101', 'admin 于 2015-12-04 18:21:07 session超时退出系统', 'timeout', '2015-12-04 18:21:07'), ('281', 'admin', '192.168.0.101', 'admin 于 2015-12-07 10:48:17 成功登录后台管理系统', 'login', '2015-12-07 10:48:18'), ('282', 'admin', '127.0.0.1', 'admin 于 2015-12-07 10:53:05 成功登录后台管理系统', 'login', '2015-12-07 10:53:06'), ('283', 'admin', '192.168.0.101', 'admin 于 2015-12-07 11:33:41 session超时退出系统', 'timeout', '2015-12-07 11:33:42'), ('284', 'admin', '192.168.0.101', 'admin 于 2015-12-07 11:33:52 成功登录后台管理系统', 'login', '2015-12-07 11:33:52'), ('285', 'admin', '127.0.0.1', 'admin 于 2015-12-07 12:55:54 成功登录后台管理系统', 'login', '2015-12-07 12:55:54'), ('286', 'admin', '192.168.0.101', 'admin 于 2015-12-07 12:56:53 成功登录后台管理系统', 'login', '2015-12-07 12:56:54'), ('287', 'admin', '127.0.0.1', 'admin 于 2015-12-07 13:00:12 成功登录后台管理系统', 'login', '2015-12-07 13:00:12'), ('288', 'admin', '127.0.0.1', 'admin 于 2015-12-07 13:39:04 成功登录后台管理系统', 'login', '2015-12-07 13:39:05'), ('289', 'admin', '127.0.0.1', 'admin 于 2015-12-07 14:10:34 session超时退出系统', 'timeout', '2015-12-07 14:10:35'), ('290', 'admin', '127.0.0.1', 'admin 于 2015-12-07 14:10:38 成功登录后台管理系统', 'login', '2015-12-07 14:10:38'), ('291', 'admin', '127.0.0.1', 'admin 于 2015-12-07 14:18:37 成功登录后台管理系统', 'login', '2015-12-07 14:18:38'), ('292', 'admin', '192.168.0.101', 'admin 于 2015-12-07 14:26:46 session超时退出系统', 'timeout', '2015-12-07 14:26:47'), ('293', 'admin', '127.0.0.1', 'admin 于 2015-12-07 15:00:08 session超时退出系统', 'timeout', '2015-12-07 15:00:09'), ('294', 'admin', '127.0.0.1', 'admin 于 2015-12-07 15:24:18 成功登录后台管理系统', 'login', '2015-12-07 15:24:18'), ('295', 'admin', '127.0.0.1', 'admin 于 2015-12-07 15:29:47 成功登录后台管理系统', 'login', '2015-12-07 15:29:47'), ('296', 'admin', '127.0.0.1', 'admin 于 2015-12-07 15:34:37 成功登录后台管理系统', 'login', '2015-12-07 15:34:37'), ('297', 'admin', '192.168.0.101', 'admin 于 2015-12-07 15:40:21 成功登录后台管理系统', 'login', '2015-12-07 15:40:22'), ('298', 'admin', '192.168.0.101', 'admin 于 2015-12-07 15:41:47 成功登录后台管理系统', 'login', '2015-12-07 15:41:48'), ('299', 'admin', '127.0.0.1', 'admin 于 2015-12-07 16:14:08 成功登录后台管理系统', 'login', '2015-12-07 16:14:08'), ('300', 'admin', '127.0.0.1', 'admin 于 2015-12-07 17:00:08 session超时退出系统', 'timeout', '2015-12-07 17:00:09'), ('301', 'admin', '127.0.0.1', 'admin 于 2015-12-07 17:08:01 成功登录后台管理系统', 'login', '2015-12-07 17:08:02'), ('302', 'admin', '192.168.0.101', 'admin 于 2015-12-07 17:30:36 成功登录后台管理系统', 'login', '2015-12-07 17:30:36'), ('303', 'admin', '127.0.0.1', 'admin 于 2015-12-07 18:00:08 session超时退出系统', 'timeout', '2015-12-07 18:00:09'), ('304', 'admin', '127.0.0.1', 'admin 于 2015-12-07 20:00:05 成功登录后台管理系统', 'login', '2015-12-07 20:00:06'), ('305', 'admin', '192.168.0.101', 'admin 于 2015-12-07 20:00:17 成功登录后台管理系统', 'login', '2015-12-07 20:00:18'), ('306', 'admin', '127.0.0.1', 'admin 于 2015-12-07 20:02:40 成功登录后台管理系统', 'login', '2015-12-07 20:02:40'), ('307', 'admin', '192.168.0.101', 'admin 于 2015-12-07 20:16:01 成功登录后台管理系统', 'login', '2015-12-07 20:16:01'), ('308', 'admin', '192.168.0.101', 'admin 于 2015-12-07 20:17:27 成功登录后台管理系统', 'login', '2015-12-07 20:17:27'), ('309', 'admin', '192.168.0.101', 'admin 于 2015-12-07 20:30:23 成功登录后台管理系统', 'login', '2015-12-07 20:30:23'), ('310', 'admin', '192.168.0.101', 'admin 于 2015-12-07 20:35:12 成功登录后台管理系统', 'login', '2015-12-07 20:35:13'), ('311', 'admin', '192.168.0.101', 'admin 于 2015-12-07 20:40:48 成功登录后台管理系统', 'login', '2015-12-07 20:40:49'), ('312', 'admin', '127.0.0.1', 'admin 于 2015-12-07 21:02:37 session超时退出系统', 'timeout', '2015-12-07 21:02:37'), ('313', 'admin', '192.168.0.101', 'admin 于 2015-12-07 21:06:55 成功登录后台管理系统', 'login', '2015-12-07 21:06:55'), ('314', 'admin', '192.168.0.101', 'admin 于 2015-12-07 21:29:56 成功登录后台管理系统', 'login', '2015-12-07 21:29:57'), ('315', 'admin', '127.0.0.1', 'admin 于 2015-12-07 21:30:02 成功登录后台管理系统', 'login', '2015-12-07 21:30:03'), ('316', 'admin', '192.168.0.101', 'admin 于 2015-12-07 21:36:07 成功登录后台管理系统', 'login', '2015-12-07 21:36:08'), ('317', 'admin', '127.0.0.1', 'admin 于 2015-12-07 21:58:00 成功登录后台管理系统', 'login', '2015-12-07 21:58:01'), ('318', 'admin', '192.168.0.101', 'admin 于 2015-12-07 21:58:37 成功登录后台管理系统', 'login', '2015-12-07 21:58:37'), ('319', 'admin', '192.168.0.101', 'admin 于 2015-12-08 08:53:59 成功登录后台管理系统', 'login', '2015-12-08 08:54:00'), ('320', 'admin', '192.168.0.101', 'admin 于 2015-12-08 09:27:21 成功登录后台管理系统', 'login', '2015-12-08 09:27:22'), ('321', 'admin', '127.0.0.1', 'admin 于 2015-12-08 09:30:49 成功登录后台管理系统', 'login', '2015-12-08 09:30:49'), ('322', 'admin', '127.0.0.1', 'admin 于 2015-12-08 09:32:59 成功登录后台管理系统', 'login', '2015-12-08 09:33:00'), ('323', 'admin', '127.0.0.1', 'admin 于 2015-12-08 09:37:02 成功登录后台管理系统', 'login', '2015-12-08 09:37:03'), ('324', 'admin', '127.0.0.1', 'admin 于 2015-12-08 10:09:43 成功登录后台管理系统', 'login', '2015-12-08 10:09:44'), ('325', 'admin', '127.0.0.1', 'admin 于 2015-12-08 10:19:43 成功登录后台管理系统', 'login', '2015-12-08 10:19:44'), ('326', 'admin', '192.168.0.101', 'admin 于 2015-12-08 11:18:10 session超时退出系统', 'timeout', '2015-12-08 11:18:10'), ('327', 'admin', '192.168.0.101', 'admin 于 2015-12-08 11:18:18 成功登录后台管理系统', 'login', '2015-12-08 11:18:19'), ('328', 'admin', '127.0.0.1', 'admin 于 2015-12-08 11:46:53 session超时退出系统', 'timeout', '2015-12-08 11:46:54'), ('329', 'admin', '127.0.0.1', 'admin 于 2015-12-08 11:46:54 成功登录后台管理系统', 'login', '2015-12-08 11:46:55'), ('330', 'admin', '127.0.0.1', 'admin 于 2015-12-08 11:49:23 成功登录后台管理系统', 'login', '2015-12-08 11:49:24'), ('331', 'admin', '127.0.0.1', 'admin 于 2015-12-08 12:49:20 session超时退出系统', 'timeout', '2015-12-08 12:49:21'), ('332', 'admin', '192.168.0.101', 'admin 于 2015-12-08 14:03:20 成功登录后台管理系统', 'login', '2015-12-08 14:03:21'), ('333', 'admin', '127.0.0.1', 'admin 于 2015-12-08 14:04:16 成功登录后台管理系统', 'login', '2015-12-08 14:04:16'), ('334', 'admin', '192.168.0.101', 'admin 于 2015-12-08 14:19:25 成功登录后台管理系统', 'login', '2015-12-08 14:19:26'), ('335', 'admin', '127.0.0.1', 'admin 于 2015-12-08 14:19:26 成功登录后台管理系统', 'login', '2015-12-08 14:19:27'), ('336', 'admin', '127.0.0.1', 'admin 于 2015-12-08 14:25:04 成功登录后台管理系统', 'login', '2015-12-08 14:25:05'), ('337', 'admin', '127.0.0.1', 'admin 于 2015-12-08 14:29:06 成功登录后台管理系统', 'login', '2015-12-08 14:29:07'), ('338', 'admin', '127.0.0.1', 'admin 于 2015-12-08 14:51:16 成功登录后台管理系统', 'login', '2015-12-08 14:51:17'), ('339', 'admin', '127.0.0.1', 'admin 于 2015-12-08 14:53:55 成功登录后台管理系统', 'login', '2015-12-08 14:53:55'), ('340', 'admin', '127.0.0.1', 'admin 于 2015-12-08 14:59:29 成功登录后台管理系统', 'login', '2015-12-08 14:59:30'), ('341', 'admin', '192.168.0.101', 'admin 于 2015-12-08 15:00:29 成功登录后台管理系统', 'login', '2015-12-08 15:00:30'), ('342', 'admin', '192.168.0.101', 'admin 于 2015-12-08 15:26:13 成功登录后台管理系统', 'login', '2015-12-08 15:26:13'), ('343', 'admin', '127.0.0.1', 'admin 于 2015-12-08 15:26:54 成功登录后台管理系统', 'login', '2015-12-08 15:26:55'), ('344', 'admin', '127.0.0.1', 'admin 于 2015-12-08 15:29:57 成功登录后台管理系统', 'login', '2015-12-08 15:29:58'), ('345', 'admin', '127.0.0.1', 'admin 于 2015-12-08 15:32:50 成功登录后台管理系统', 'login', '2015-12-08 15:32:51'), ('346', 'admin', '127.0.0.1', 'admin 于 2015-12-08 15:36:10 成功登录后台管理系统', 'login', '2015-12-08 15:36:11'), ('347', 'admin', '127.0.0.1', 'admin 于 2015-12-08 15:36:53 成功登录后台管理系统', 'login', '2015-12-08 15:36:54'), ('348', 'admin', '127.0.0.1', 'admin 于 2015-12-08 15:38:39 成功登录后台管理系统', 'login', '2015-12-08 15:38:39'), ('349', 'admin', '127.0.0.1', 'admin 于 2015-12-08 15:45:27 成功登录后台管理系统', 'login', '2015-12-08 15:45:27'), ('350', 'admin', '127.0.0.1', 'admin 于 2015-12-08 15:56:57 成功登录后台管理系统', 'login', '2015-12-08 15:56:58'), ('351', 'admin', '127.0.0.1', 'admin 于 2015-12-08 16:03:08 成功登录后台管理系统', 'login', '2015-12-08 16:03:09'), ('352', 'admin', '127.0.0.1', 'admin 于 2015-12-08 16:06:47 成功登录后台管理系统', 'login', '2015-12-08 16:06:47'), ('353', 'admin', '192.168.0.101', 'admin 于 2015-12-08 16:32:47 成功登录后台管理系统', 'login', '2015-12-08 16:32:48'), ('354', 'admin', '127.0.0.1', 'admin 于 2015-12-08 16:37:28 成功登录后台管理系统', 'login', '2015-12-08 16:37:29'), ('355', 'admin', '192.168.0.101', 'admin 于 2015-12-08 16:39:19 成功登录后台管理系统', 'login', '2015-12-08 16:39:20'), ('356', 'admin', '127.0.0.1', 'admin 于 2015-12-08 16:39:50 成功登录后台管理系统', 'login', '2015-12-08 16:39:51'), ('357', 'admin', '192.168.0.101', 'admin 于 2015-12-08 17:17:12 成功登录后台管理系统', 'login', '2015-12-08 17:17:12'), ('358', 'admin', '192.168.0.101', 'admin 于 2015-12-08 17:19:17 成功登录后台管理系统', 'login', '2015-12-08 17:19:17'), ('359', 'admin', '127.0.0.1', 'admin 于 2015-12-08 17:30:44 成功登录后台管理系统', 'login', '2015-12-08 17:30:44'), ('360', 'admin', '192.168.0.101', 'admin 于 2015-12-08 17:47:09 成功登录后台管理系统', 'login', '2015-12-08 17:47:10'), ('361', 'admin', '127.0.0.1', 'admin 于 2015-12-08 17:52:06 成功登录后台管理系统', 'login', '2015-12-08 17:52:06'), ('362', 'admin', '192.168.0.101', 'admin 于 2015-12-08 18:48:47 session超时退出系统', 'timeout', '2015-12-08 18:48:48'), ('363', 'admin', '192.168.0.101', 'admin 于 2015-12-08 18:48:53 成功登录后台管理系统', 'login', '2015-12-08 18:48:53'), ('364', 'admin', '127.0.0.1', 'admin 于 2015-12-08 18:52:00 session超时退出系统', 'timeout', '2015-12-08 18:52:01'), ('365', 'admin', '127.0.0.1', 'admin 于 2015-12-08 18:58:03 成功登录后台管理系统', 'login', '2015-12-08 18:58:03'), ('366', 'admin', '127.0.0.1', 'admin 于 2015-12-08 19:03:52 session超时退出系统', 'timeout', '2015-12-08 19:03:52'), ('367', 'admin', '127.0.0.1', 'admin 于 2015-12-08 19:03:53 成功登录后台管理系统', 'login', '2015-12-08 19:03:54'), ('368', 'admin', '127.0.0.1', 'admin 于 2015-12-08 19:15:22 成功登录后台管理系统', 'login', '2015-12-08 19:15:23'), ('369', 'admin', '127.0.0.1', 'admin 于 2015-12-08 19:22:17 成功登录后台管理系统', 'login', '2015-12-08 19:22:18'), ('370', 'admin', '127.0.0.1', 'admin 于 2015-12-08 19:25:20 成功登录后台管理系统', 'login', '2015-12-08 19:25:20'), ('371', 'admin', '127.0.0.1', 'admin 于 2015-12-08 19:27:30 成功登录后台管理系统', 'login', '2015-12-08 19:27:31'), ('372', 'admin', '127.0.0.1', 'admin 于 2015-12-08 19:28:49 成功登录后台管理系统', 'login', '2015-12-08 19:28:50'), ('373', 'admin', '127.0.0.1', 'admin 于 2015-12-08 19:33:45 成功登录后台管理系统', 'login', '2015-12-08 19:33:45'), ('374', 'admin', '127.0.0.1', 'admin 于 2015-12-08 19:35:09 成功登录后台管理系统', 'login', '2015-12-08 19:35:10'), ('375', 'admin', '127.0.0.1', 'admin 于 2015-12-08 19:41:41 成功登录后台管理系统', 'login', '2015-12-08 19:41:41'), ('376', 'admin', '127.0.0.1', 'admin 于 2015-12-08 19:43:40 成功登录后台管理系统', 'login', '2015-12-08 19:43:41'), ('377', 'admin', '127.0.0.1', 'admin 于 2015-12-08 19:48:14 成功登录后台管理系统', 'login', '2015-12-08 19:48:15'), ('378', 'admin', '127.0.0.1', 'admin 于 2015-12-08 19:51:19 成功登录后台管理系统', 'login', '2015-12-08 19:51:19'), ('379', 'admin', '127.0.0.1', 'admin 于 2015-12-08 19:53:01 成功登录后台管理系统', 'login', '2015-12-08 19:53:01'), ('380', 'admin', '127.0.0.1', 'admin 于 2015-12-08 20:06:44 session超时退出系统', 'timeout', '2015-12-08 20:06:45'), ('381', 'admin', '127.0.0.1', 'admin 于 2015-12-08 20:11:08 成功登录后台管理系统', 'login', '2015-12-08 20:11:09'), ('382', 'admin', '127.0.0.1', 'admin 于 2015-12-08 20:12:45 成功登录后台管理系统', 'login', '2015-12-08 20:12:46'), ('383', 'admin', '127.0.0.1', 'admin 于 2015-12-08 20:17:09 成功登录后台管理系统', 'login', '2015-12-08 20:17:09'), ('384', 'admin', '127.0.0.1', 'admin 于 2015-12-08 20:50:23 成功登录后台管理系统', 'login', '2015-12-08 20:50:24'), ('385', 'admin', '127.0.0.1', 'admin 于 2015-12-08 20:59:29 成功登录后台管理系统', 'login', '2015-12-08 20:59:29'), ('386', 'admin', '127.0.0.1', 'admin 于 2015-12-08 21:59:25 session超时退出系统', 'timeout', '2015-12-08 21:59:26'), ('387', 'admin', '127.0.0.1', 'admin 于 2015-12-08 22:21:25 成功登录后台管理系统', 'login', '2015-12-08 22:21:25'), ('388', 'admin', '127.0.0.1', 'admin 于 2015-12-09 09:33:41 成功登录后台管理系统', 'login', '2015-12-09 09:33:41'), ('389', 'admin', '192.168.0.101', 'admin 于 2015-12-09 09:48:25 成功登录后台管理系统', 'login', '2015-12-09 09:48:25'), ('390', 'admin', '127.0.0.1', 'admin 于 2015-12-09 10:06:46 session超时退出系统', 'timeout', '2015-12-09 10:06:46'), ('391', 'admin', '127.0.0.1', 'admin 于 2015-12-09 10:06:51 成功登录后台管理系统', 'login', '2015-12-09 10:06:52'), ('392', 'admin', '192.168.0.101', 'admin 于 2015-12-09 10:08:00 成功登录后台管理系统', 'login', '2015-12-09 10:08:01'), ('393', 'admin', '192.168.0.101', 'admin 于 2015-12-09 10:48:07 session超时退出系统', 'timeout', '2015-12-09 10:48:08'), ('394', 'admin', '127.0.0.1', 'admin 于 2015-12-09 10:58:18 成功登录后台管理系统', 'login', '2015-12-09 10:58:19'), ('395', 'admin', '127.0.0.1', 'admin 于 2015-12-09 11:03:20 session超时退出系统', 'timeout', '2015-12-09 11:03:21'), ('396', 'admin', '127.0.0.1', 'admin 于 2015-12-09 11:03:25 成功登录后台管理系统', 'login', '2015-12-09 11:03:25'), ('397', 'admin', '127.0.0.1', 'admin 于 2015-12-09 11:33:37 session超时退出系统', 'timeout', '2015-12-09 11:33:37'), ('398', 'admin', '192.168.0.101', 'admin 于 2015-12-09 11:38:18 成功登录后台管理系统', 'login', '2015-12-09 11:38:18'), ('399', 'admin', '127.0.0.1', 'admin 于 2015-12-09 11:39:08 成功登录后台管理系统', 'login', '2015-12-09 11:39:09'), ('400', 'admin', '127.0.0.1', 'admin 于 2015-12-09 11:55:19 成功登录后台管理系统', 'login', '2015-12-09 11:55:19'), ('401', 'admin', '192.168.0.101', 'admin 于 2015-12-09 11:57:48 成功登录后台管理系统', 'login', '2015-12-09 11:57:48'), ('402', 'admin', '192.168.0.101', 'admin 于 2015-12-09 12:04:24 成功登录后台管理系统', 'login', '2015-12-09 12:04:25'), ('403', 'admin', '127.0.0.1', 'admin 于 2015-12-09 12:06:06 成功登录后台管理系统', 'login', '2015-12-09 12:06:07'), ('404', 'admin', '127.0.0.1', 'admin 于 2015-12-09 12:09:17 成功登录后台管理系统', 'login', '2015-12-09 12:09:18'), ('405', 'admin', '127.0.0.1', 'admin 于 2015-12-09 13:12:54 成功登录后台管理系统', 'login', '2015-12-09 13:12:54'), ('406', 'admin', '127.0.0.1', 'admin 于 2015-12-09 14:02:28 成功登录后台管理系统', 'login', '2015-12-09 14:02:29'), ('407', 'admin', '127.0.0.1', 'admin 于 2015-12-09 14:12:26 成功登录后台管理系统', 'login', '2015-12-09 14:12:27'), ('408', 'admin', '192.168.0.101', 'admin 于 2015-12-09 14:16:59 成功登录后台管理系统', 'login', '2015-12-09 14:16:59'), ('409', 'admin', '127.0.0.1', 'admin 于 2015-12-09 14:18:21 成功登录后台管理系统', 'login', '2015-12-09 14:18:21'), ('410', 'admin', '127.0.0.1', 'admin 于 2015-12-09 14:26:07 成功登录后台管理系统', 'login', '2015-12-09 14:26:08'), ('411', 'admin', '127.0.0.1', 'admin 于 2015-12-09 14:32:11 成功登录后台管理系统', 'login', '2015-12-09 14:32:11'), ('412', 'admin', '127.0.0.1', 'admin 于 2015-12-09 14:33:27 成功登录后台管理系统', 'login', '2015-12-09 14:33:28'), ('413', 'admin', '127.0.0.1', 'admin 于 2015-12-09 14:33:41 成功登录后台管理系统', 'login', '2015-12-09 14:33:42'), ('414', 'admin', '192.168.0.101', 'admin 于 2015-12-09 14:50:09 成功登录后台管理系统', 'login', '2015-12-09 14:50:09'), ('415', 'admin', '127.0.0.1', 'admin 于 2015-12-09 15:08:11 成功登录后台管理系统', 'login', '2015-12-09 15:08:12'), ('416', 'admin', '192.168.0.101', 'admin 于 2015-12-09 15:17:00 成功登录后台管理系统', 'login', '2015-12-09 15:17:00'), ('417', 'admin', '127.0.0.1', 'admin 于 2015-12-09 15:22:24 成功登录后台管理系统', 'login', '2015-12-09 15:22:24'), ('418', 'admin', '192.168.0.101', 'admin 于 2015-12-09 15:27:14 成功登录后台管理系统', 'login', '2015-12-09 15:27:14'), ('419', 'admin', '127.0.0.1', 'admin 于 2015-12-09 15:29:09 成功登录后台管理系统', 'login', '2015-12-09 15:29:09'), ('420', 'admin', '192.168.0.101', 'admin 于 2015-12-09 15:34:06 成功登录后台管理系统', 'login', '2015-12-09 15:34:06'), ('421', 'admin', '192.168.0.101', 'admin 于 2015-12-09 15:56:23 成功登录后台管理系统', 'login', '2015-12-09 15:56:24'), ('422', 'admin', '127.0.0.1', 'admin 于 2015-12-09 16:10:17 成功登录后台管理系统', 'login', '2015-12-09 16:10:17'), ('423', 'admin', '127.0.0.1', 'admin 于 2015-12-09 16:15:18 成功登录后台管理系统', 'login', '2015-12-09 16:15:19'), ('424', 'admin', '127.0.0.1', 'admin 于 2015-12-09 16:34:09 成功登录后台管理系统', 'login', '2015-12-09 16:34:09'), ('425', 'admin', '127.0.0.1', 'admin 于 2015-12-09 16:42:57 成功登录后台管理系统', 'login', '2015-12-09 16:42:58'), ('426', 'admin', '127.0.0.1', 'admin 于 2015-12-09 16:57:33 成功登录后台管理系统', 'login', '2015-12-09 16:57:34'), ('427', 'admin', '192.168.0.101', 'admin 于 2015-12-09 17:02:02 成功登录后台管理系统', 'login', '2015-12-09 17:02:03'), ('428', 'admin', '192.168.0.101', 'admin 于 2015-12-09 17:04:37 成功登录后台管理系统', 'login', '2015-12-09 17:04:38'), ('429', 'admin', '192.168.0.101', 'admin 于 2015-12-09 17:09:35 成功登录后台管理系统', 'login', '2015-12-09 17:09:35'), ('430', 'admin', '192.168.0.101', 'admin 于 2015-12-09 17:24:28 成功登录后台管理系统', 'login', '2015-12-09 17:24:29'), ('431', 'admin', '127.0.0.1', 'admin 于 2015-12-09 17:26:14 成功登录后台管理系统', 'login', '2015-12-09 17:26:14'), ('432', 'admin', '127.0.0.1', 'admin 于 2015-12-09 17:34:35 成功登录后台管理系统', 'login', '2015-12-09 17:34:35'), ('433', 'admin', '127.0.0.1', 'admin 于 2015-12-09 17:53:49 成功登录后台管理系统', 'login', '2015-12-09 17:53:49'), ('434', 'admin', '127.0.0.1', 'admin 于 2015-12-09 18:09:31 成功登录后台管理系统', 'login', '2015-12-09 18:09:31'), ('435', 'admin', '192.168.0.101', 'admin 于 2015-12-09 18:18:56 成功登录后台管理系统', 'login', '2015-12-09 18:18:56'), ('436', 'admin', '192.168.0.101', 'admin 于 2015-12-09 18:22:02 成功登录后台管理系统', 'login', '2015-12-09 18:22:03'), ('437', 'admin', '127.0.0.1', 'admin 于 2015-12-09 18:25:40 成功登录后台管理系统', 'login', '2015-12-09 18:25:41'), ('438', 'admin', '127.0.0.1', 'admin 于 2015-12-09 18:30:13 成功登录后台管理系统', 'login', '2015-12-09 18:30:14'), ('439', 'admin', '127.0.0.1', 'admin 于 2015-12-09 18:38:55 成功登录后台管理系统', 'login', '2015-12-09 18:38:55'), ('440', 'admin', '127.0.0.1', 'admin 于 2015-12-09 18:44:09 成功登录后台管理系统', 'login', '2015-12-09 18:44:09'), ('441', 'admin', '127.0.0.1', 'admin 于 2015-12-09 18:47:32 成功登录后台管理系统', 'login', '2015-12-09 18:47:33'), ('442', 'admin', '127.0.0.1', 'admin 于 2015-12-09 18:49:55 成功登录后台管理系统', 'login', '2015-12-09 18:49:56'), ('443', 'admin', '127.0.0.1', 'admin 于 2015-12-09 18:55:31 成功登录后台管理系统', 'login', '2015-12-09 18:55:32'), ('444', 'admin', '127.0.0.1', 'admin 于 2015-12-09 19:29:05 session超时退出系统', 'timeout', '2015-12-09 19:29:05'), ('445', 'admin', '127.0.0.1', 'admin 于 2015-12-09 19:29:07 成功登录后台管理系统', 'login', '2015-12-09 19:29:07'), ('446', 'admin', '192.168.0.101', 'admin 于 2015-12-09 19:36:23 session超时退出系统', 'timeout', '2015-12-09 19:36:23'), ('447', 'admin', '192.168.0.101', 'admin 于 2015-12-09 19:36:28 成功登录后台管理系统', 'login', '2015-12-09 19:36:29'), ('448', 'admin', '127.0.0.1', 'admin 于 2015-12-10 13:01:56 成功登录后台管理系统', 'login', '2015-12-10 13:01:56'), ('449', 'admin', '127.0.0.1', 'admin 于 2015-12-10 13:22:10 成功登录后台管理系统', 'login', '2015-12-10 13:22:11'), ('450', 'admin', '127.0.0.1', 'admin 于 2015-12-10 13:27:25 成功登录后台管理系统', 'login', '2015-12-10 13:27:25'), ('451', 'admin', '127.0.0.1', 'admin 于 2015-12-10 13:31:23 成功登录后台管理系统', 'login', '2015-12-10 13:31:23'), ('452', 'admin', '127.0.0.1', 'admin 于 2015-12-10 13:36:21 成功登录后台管理系统', 'login', '2015-12-10 13:36:21'), ('453', 'admin', '127.0.0.1', 'admin 于 2015-12-10 13:55:37 成功登录后台管理系统', 'login', '2015-12-10 13:55:38'), ('454', 'admin', '127.0.0.1', 'admin 于 2015-12-10 13:58:13 成功登录后台管理系统', 'login', '2015-12-10 13:58:13'), ('455', 'admin', '127.0.0.1', 'admin 于 2015-12-10 13:59:53 成功登录后台管理系统', 'login', '2015-12-10 13:59:53'), ('456', 'admin', '127.0.0.1', 'admin 于 2015-12-10 14:01:08 成功登录后台管理系统', 'login', '2015-12-10 14:01:08'), ('457', 'admin', '127.0.0.1', 'admin 于 2015-12-10 14:02:13 成功登录后台管理系统', 'login', '2015-12-10 14:02:13'), ('458', 'admin', '127.0.0.1', 'admin 于 2015-12-10 14:10:06 成功登录后台管理系统', 'login', '2015-12-10 14:10:06'), ('459', 'admin', '127.0.0.1', 'admin 于 2015-12-10 14:11:25 成功登录后台管理系统', 'login', '2015-12-10 14:11:26'), ('460', 'admin', '192.168.0.101', 'admin 于 2015-12-10 14:14:25 成功登录后台管理系统', 'login', '2015-12-10 14:14:25'), ('461', 'admin', '127.0.0.1', 'admin 于 2015-12-10 14:18:21 成功登录后台管理系统', 'login', '2015-12-10 14:18:21'), ('462', 'admin', '127.0.0.1', 'admin 于 2015-12-10 14:19:56 成功登录后台管理系统', 'login', '2015-12-10 14:19:57'), ('463', 'admin', '127.0.0.1', 'admin 于 2015-12-10 14:20:38 成功登录后台管理系统', 'login', '2015-12-10 14:20:39'), ('464', 'admin', '127.0.0.1', 'admin 于 2015-12-10 14:21:49 成功登录后台管理系统', 'login', '2015-12-10 14:21:50'), ('465', 'admin', '127.0.0.1', 'admin 于 2015-12-10 14:22:38 成功登录后台管理系统', 'login', '2015-12-10 14:22:39'), ('466', 'admin', '127.0.0.1', 'admin 于 2015-12-10 14:30:46 成功登录后台管理系统', 'login', '2015-12-10 14:30:47'), ('467', 'admin', '127.0.0.1', 'admin 于 2015-12-10 14:47:30 成功登录后台管理系统', 'login', '2015-12-10 14:47:30'), ('468', 'admin', '127.0.0.1', 'admin 于 2015-12-10 15:07:25 成功登录后台管理系统', 'login', '2015-12-10 15:07:25'), ('469', 'admin', '127.0.0.1', 'admin 于 2015-12-10 15:11:12 成功登录后台管理系统', 'login', '2015-12-10 15:11:12'), ('470', 'admin', '127.0.0.1', 'admin 于 2015-12-10 15:45:56 成功登录后台管理系统', 'login', '2015-12-10 15:45:57'), ('471', 'admin', '127.0.0.1', 'admin 于 2015-12-10 16:06:58 成功登录后台管理系统', 'login', '2015-12-10 16:06:58'), ('472', 'admin', '127.0.0.1', 'admin 于 2015-12-10 16:41:53 成功登录后台管理系统', 'login', '2015-12-10 16:41:54'), ('473', 'admin', '127.0.0.1', 'admin 于 2015-12-10 16:49:32 成功登录后台管理系统', 'login', '2015-12-10 16:49:33'), ('474', 'admin', '127.0.0.1', 'admin 于 2015-12-10 16:50:19 成功登录后台管理系统', 'login', '2015-12-10 16:50:20'), ('475', 'admin', '192.168.0.101', 'admin 于 2015-12-10 16:50:58 成功登录后台管理系统', 'login', '2015-12-10 16:50:58'), ('476', 'admin', '127.0.0.1', 'admin 于 2015-12-10 17:01:01 成功登录后台管理系统', 'login', '2015-12-10 17:01:02'), ('477', 'admin', '127.0.0.1', 'admin 于 2015-12-10 17:20:08 成功登录后台管理系统', 'login', '2015-12-10 17:20:08'), ('478', 'admin', '127.0.0.1', 'admin 于 2015-12-10 17:39:46 成功登录后台管理系统', 'login', '2015-12-10 17:39:46'), ('479', 'admin', '127.0.0.1', 'admin 于 2015-12-10 17:48:32 成功登录后台管理系统', 'login', '2015-12-10 17:48:33'), ('480', 'admin', '127.0.0.1', 'admin 于 2015-12-10 17:54:08 成功登录后台管理系统', 'login', '2015-12-10 17:54:09'), ('481', 'admin', '127.0.0.1', 'admin 于 2015-12-10 17:54:55 成功登录后台管理系统', 'login', '2015-12-10 17:54:56'), ('482', 'admin', '127.0.0.1', 'admin 于 2015-12-10 17:56:37 成功登录后台管理系统', 'login', '2015-12-10 17:56:38'), ('483', 'admin', '192.168.0.101', 'admin 于 2015-12-10 18:16:38 成功登录后台管理系统', 'login', '2015-12-10 18:16:38'), ('484', 'admin', '127.0.0.1', 'admin 于 2015-12-11 11:16:55 成功登录后台管理系统', 'login', '2015-12-11 11:16:56'), ('485', 'admin', '127.0.0.1', 'admin 于 2015-12-11 11:23:28 成功登录后台管理系统', 'login', '2015-12-11 11:23:28'), ('486', 'admin', '192.168.0.101', 'admin 于 2015-12-11 12:11:33 成功登录后台管理系统', 'login', '2015-12-11 12:11:34'), ('487', 'admin', '127.0.0.1', 'admin 于 2015-12-11 12:14:12 成功登录后台管理系统', 'login', '2015-12-11 12:14:12'), ('488', 'admin', '127.0.0.1', 'admin 于 2015-12-11 13:14:07 session超时退出系统', 'timeout', '2015-12-11 13:14:08'), ('489', 'admin', '192.168.0.101', 'admin 于 2015-12-11 13:22:05 session超时退出系统', 'timeout', '2015-12-11 13:22:06'), ('490', 'admin', '192.168.0.101', 'admin 于 2015-12-11 13:22:18 成功登录后台管理系统', 'login', '2015-12-11 13:22:19'), ('491', 'admin', '127.0.0.1', 'admin 于 2015-12-11 14:26:33 成功登录后台管理系统', 'login', '2015-12-11 14:26:34'), ('492', 'admin', '127.0.0.1', 'admin 于 2015-12-14 13:11:28 成功登录后台管理系统', 'login', '2015-12-14 13:11:29'), ('493', 'admin', '127.0.0.1', 'admin 于 2015-12-14 13:16:22 成功登录后台管理系统', 'login', '2015-12-14 13:16:23'), ('494', 'admin', '127.0.0.1', 'admin 于 2015-12-14 14:04:15 session超时退出系统', 'timeout', '2015-12-14 14:04:16'), ('495', 'admin', '127.0.0.1', 'admin 于 2015-12-14 14:04:18 成功登录后台管理系统', 'login', '2015-12-14 14:04:19'), ('496', 'admin', '127.0.0.1', 'admin 于 2015-12-14 14:11:24 session超时退出系统', 'timeout', '2015-12-14 14:11:24'), ('497', 'admin', '127.0.0.1', 'admin 于 2015-12-14 14:22:42 成功登录后台管理系统', 'login', '2015-12-14 14:22:43'), ('498', 'admin', '127.0.0.1', 'admin 于 2015-12-14 14:35:38 成功登录后台管理系统', 'login', '2015-12-14 14:35:39'), ('499', 'admin', '127.0.0.1', 'admin 于 2015-12-14 14:38:19 成功登录后台管理系统', 'login', '2015-12-14 14:38:20'), ('500', 'admin', '127.0.0.1', 'admin 于 2015-12-14 14:46:18 session超时退出系统', 'timeout', '2015-12-14 14:46:19'), ('501', 'admin', '127.0.0.1', 'admin 于 2015-12-14 14:50:35 成功登录后台管理系统', 'login', '2015-12-14 14:50:35'), ('502', 'admin', '127.0.0.1', 'admin 于 2015-12-14 15:20:38 成功登录后台管理系统', 'login', '2015-12-14 15:20:39'), ('503', 'admin', '127.0.0.1', 'admin 于 2015-12-14 15:31:45 成功登录后台管理系统', 'login', '2015-12-14 15:31:45'), ('504', 'admin', '127.0.0.1', 'admin 于 2015-12-14 15:34:42 成功登录后台管理系统', 'login', '2015-12-14 15:34:42'), ('505', 'admin', '127.0.0.1', 'admin 于 2015-12-14 16:04:07 成功登录后台管理系统', 'login', '2015-12-14 16:04:08'), ('506', 'admin', '127.0.0.1', 'admin 于 2015-12-14 16:07:13 成功登录后台管理系统', 'login', '2015-12-14 16:07:13'), ('507', 'admin', '127.0.0.1', 'admin 于 2015-12-14 16:10:38 成功登录后台管理系统', 'login', '2015-12-14 16:10:39'), ('508', 'admin', '127.0.0.1', 'admin 于 2015-12-14 16:14:51 成功登录后台管理系统', 'login', '2015-12-14 16:14:51'), ('509', 'admin', '127.0.0.1', 'admin 于 2015-12-14 16:18:14 成功登录后台管理系统', 'login', '2015-12-14 16:18:15'), ('510', 'admin', '127.0.0.1', 'admin 于 2015-12-14 16:23:25 成功登录后台管理系统', 'login', '2015-12-14 16:23:26'), ('511', 'admin', '127.0.0.1', 'admin 于 2015-12-14 16:42:42 成功登录后台管理系统', 'login', '2015-12-14 16:42:42'), ('512', 'admin', '127.0.0.1', 'admin 于 2015-12-14 17:23:23 session超时退出系统', 'timeout', '2015-12-14 17:23:23'), ('513', 'admin', '127.0.0.1', 'admin 于 2015-12-15 09:13:11 成功登录后台管理系统', 'login', '2015-12-15 09:13:11'), ('514', 'admin', '127.0.0.1', 'admin 于 2015-12-15 09:36:50 成功登录后台管理系统', 'login', '2015-12-15 09:36:51'), ('515', 'admin', '127.0.0.1', 'admin 于 2015-12-15 09:59:36 成功登录后台管理系统', 'login', '2015-12-15 09:59:36'), ('516', 'admin', '127.0.0.1', 'admin 于 2015-12-15 10:14:49 成功登录后台管理系统', 'login', '2015-12-15 10:14:50'), ('517', 'admin', '127.0.0.1', 'admin 于 2015-12-15 11:44:49 session超时退出系统', 'timeout', '2015-12-15 11:44:49'), ('518', 'admin', '127.0.0.1', 'admin 于 2015-12-15 13:57:31 成功登录后台管理系统', 'login', '2015-12-15 13:57:32'), ('519', 'admin', '127.0.0.1', 'admin 于 2015-12-15 14:36:01 成功登录后台管理系统', 'login', '2015-12-15 14:36:02'), ('520', 'admin', '127.0.0.1', 'admin 于 2015-12-15 14:38:36 成功登录后台管理系统', 'login', '2015-12-15 14:38:37'), ('521', 'admin', '127.0.0.1', 'admin 于 2015-12-15 14:47:15 成功登录后台管理系统', 'login', '2015-12-15 14:47:16'), ('522', 'admin', '192.168.0.101', 'admin 于 2015-12-16 13:30:40 成功登录后台管理系统', 'login', '2015-12-16 13:30:41'), ('523', 'admin', '127.0.0.1', 'admin 于 2015-12-16 13:32:03 成功登录后台管理系统', 'login', '2015-12-16 13:32:03'), ('524', 'admin', '192.168.0.101', 'admin 于 2015-12-16 14:04:04 成功登录后台管理系统', 'login', '2015-12-16 14:04:04'), ('525', 'admin', '127.0.0.1', 'admin 于 2015-12-16 14:19:12 成功登录后台管理系统', 'login', '2015-12-16 14:19:12'), ('526', 'admin', '127.0.0.1', 'admin 于 2015-12-16 14:28:36 成功登录后台管理系统', 'login', '2015-12-16 14:28:36'), ('527', 'admin', '127.0.0.1', 'admin 于 2015-12-16 14:32:18 成功登录后台管理系统', 'login', '2015-12-16 14:32:18'), ('528', 'admin', '192.168.0.101', 'admin 于 2015-12-16 14:44:14 成功登录后台管理系统', 'login', '2015-12-16 14:44:15'), ('529', 'admin', '127.0.0.1', 'admin 于 2015-12-16 14:45:59 成功登录后台管理系统', 'login', '2015-12-16 14:46:00'), ('530', 'admin', '192.168.0.101', 'admin 于 2015-12-16 14:48:49 成功登录后台管理系统', 'login', '2015-12-16 14:48:49'), ('531', 'admin', '192.168.0.101', 'admin 于 2015-12-16 14:56:56 成功登录后台管理系统', 'login', '2015-12-16 14:56:56'), ('532', 'admin', '127.0.0.1', 'admin 于 2015-12-16 15:02:21 成功登录后台管理系统', 'login', '2015-12-16 15:02:21'), ('533', 'admin', '127.0.0.1', 'admin 于 2015-12-16 15:16:40 成功登录后台管理系统', 'login', '2015-12-16 15:16:41'), ('534', 'admin', '127.0.0.1', 'admin 于 2015-12-16 15:23:35 成功登录后台管理系统', 'login', '2015-12-16 15:23:35'), ('535', 'admin', '127.0.0.1', 'admin 于 2015-12-16 15:25:53 成功登录后台管理系统', 'login', '2015-12-16 15:25:53'), ('536', 'admin', '127.0.0.1', 'admin 于 2015-12-16 15:27:40 成功登录后台管理系统', 'login', '2015-12-16 15:27:41'), ('537', 'admin', '127.0.0.1', 'admin 于 2015-12-16 15:33:10 成功登录后台管理系统', 'login', '2015-12-16 15:33:11'), ('538', 'admin', '127.0.0.1', 'admin 于 2015-12-16 15:35:59 成功登录后台管理系统', 'login', '2015-12-16 15:35:59'), ('539', 'admin', '127.0.0.1', 'admin 于 2015-12-16 15:36:56 成功登录后台管理系统', 'login', '2015-12-16 15:36:56'), ('540', 'admin', '127.0.0.1', 'admin 于 2015-12-16 15:42:34 成功登录后台管理系统', 'login', '2015-12-16 15:42:34'), ('541', 'admin', '127.0.0.1', 'admin 于 2015-12-16 15:44:50 成功登录后台管理系统', 'login', '2015-12-16 15:44:51'), ('542', 'admin', '127.0.0.1', 'admin 于 2015-12-16 15:46:07 成功登录后台管理系统', 'login', '2015-12-16 15:46:07'), ('543', 'admin', '127.0.0.1', 'admin 于 2015-12-16 15:52:41 成功登录后台管理系统', 'login', '2015-12-16 15:52:42'), ('544', 'admin', '127.0.0.1', 'admin 于 2015-12-16 15:55:14 成功登录后台管理系统', 'login', '2015-12-16 15:55:14'), ('545', 'admin', '127.0.0.1', 'admin 于 2015-12-16 16:00:03 成功登录后台管理系统', 'login', '2015-12-16 16:00:03'), ('546', 'admin', '192.168.0.101', 'admin 于 2015-12-16 16:05:58 成功登录后台管理系统', 'login', '2015-12-16 16:05:59'), ('547', 'admin', '192.168.0.101', 'admin 于 2015-12-16 16:10:02 成功登录后台管理系统', 'login', '2015-12-16 16:10:02'), ('548', 'admin', '127.0.0.1', 'admin 于 2015-12-16 16:18:53 成功登录后台管理系统', 'login', '2015-12-16 16:18:54'), ('549', 'admin', '127.0.0.1', 'admin 于 2015-12-16 16:25:15 成功登录后台管理系统', 'login', '2015-12-16 16:25:16'), ('550', 'admin', '127.0.0.1', 'admin 于 2015-12-16 16:27:54 成功登录后台管理系统', 'login', '2015-12-16 16:27:55'), ('551', 'admin', '127.0.0.1', 'admin 于 2015-12-16 16:32:19 成功登录后台管理系统', 'login', '2015-12-16 16:32:19'), ('552', 'admin', '127.0.0.1', 'admin 于 2015-12-16 16:43:36 成功登录后台管理系统', 'login', '2015-12-16 16:43:37'), ('553', 'admin', '127.0.0.1', 'admin 于 2015-12-16 16:45:41 成功登录后台管理系统', 'login', '2015-12-16 16:45:42'), ('554', 'admin', '192.168.0.101', 'admin 于 2015-12-16 16:47:08 成功登录后台管理系统', 'login', '2015-12-16 16:47:09'), ('555', 'admin', '127.0.0.1', 'admin 于 2015-12-16 16:52:13 成功登录后台管理系统', 'login', '2015-12-16 16:52:13'), ('556', 'admin', '192.168.0.88', 'admin 于 2015-12-16 17:09:18 成功登录后台管理系统', 'login', '2015-12-16 17:09:19'), ('557', 'admin', '127.0.0.1', 'admin 于 2015-12-16 17:38:11 成功登录后台管理系统', 'login', '2015-12-16 17:38:12'), ('558', 'admin', '127.0.0.1', 'admin 于 2015-12-16 17:41:34 成功登录后台管理系统', 'login', '2015-12-16 17:41:35'), ('559', 'admin', '127.0.0.1', 'admin 于 2015-12-16 17:45:57 成功登录后台管理系统', 'login', '2015-12-16 17:45:57'), ('560', 'admin', '127.0.0.1', 'admin 于 2015-12-16 17:47:35 成功登录后台管理系统', 'login', '2015-12-16 17:47:35'), ('561', 'admin', '127.0.0.1', 'admin 于 2015-12-16 17:52:11 成功登录后台管理系统', 'login', '2015-12-16 17:52:11'), ('562', 'admin', '127.0.0.1', 'admin 于 2015-12-16 17:57:25 成功登录后台管理系统', 'login', '2015-12-16 17:57:25'), ('563', 'admin', '127.0.0.1', 'admin 于 2015-12-16 18:02:19 成功登录后台管理系统', 'login', '2015-12-16 18:02:20'), ('564', 'admin', '192.168.0.88', 'admin 于 2015-12-16 18:33:14 session超时退出系统', 'timeout', '2015-12-16 18:33:15'), ('565', 'admin', '192.168.0.88', 'admin 于 2015-12-16 18:33:19 成功登录后台管理系统', 'login', '2015-12-16 18:33:19'), ('566', 'liuyihang', '192.168.0.118', 'liuyihang 于 2015-12-16 18:36:47 成功登录后台管理系统', 'login', '2015-12-16 18:36:48'), ('567', 'admin', '127.0.0.1', 'admin 于 2015-12-16 18:38:06 session超时退出系统', 'timeout', '2015-12-16 18:38:06'), ('568', 'admin', '127.0.0.1', 'admin 于 2015-12-16 18:38:36 成功登录后台管理系统', 'login', '2015-12-16 18:38:37'), ('569', 'admin', '127.0.0.1', 'admin 于 2015-12-16 18:40:08 成功登录后台管理系统', 'login', '2015-12-16 18:40:09'), ('570', 'admin', '192.168.0.101', 'admin 于 2015-12-16 18:44:53 成功登录后台管理系统', 'login', '2015-12-16 18:44:53'), ('571', 'admin', '127.0.0.1', 'admin 于 2015-12-16 18:58:02 成功登录后台管理系统', 'login', '2015-12-16 18:58:03'), ('572', 'admin', '127.0.0.1', 'admin 于 2015-12-16 19:02:52 成功登录后台管理系统', 'login', '2015-12-16 19:02:53'), ('573', 'admin', '127.0.0.1', 'admin 于 2015-12-16 19:04:33 成功登录后台管理系统', 'login', '2015-12-16 19:04:34'), ('574', 'liuyihang', '192.168.0.118', 'liuyihang 于 2015-12-16 19:07:04 成功登录后台管理系统', 'login', '2015-12-16 19:07:05'), ('575', 'admin', '127.0.0.1', 'admin 于 2015-12-16 19:07:08 成功登录后台管理系统', 'login', '2015-12-16 19:07:09'), ('576', 'admin', '127.0.0.1', 'admin 于 2015-12-16 19:08:08 成功登录后台管理系统', 'login', '2015-12-16 19:08:09'), ('577', 'admin', '192.168.0.88', 'admin 于 2015-12-16 19:09:13 session超时退出系统', 'timeout', '2015-12-16 19:09:13'), ('578', 'admin', '127.0.0.1', 'admin 于 2015-12-16 19:10:30 成功登录后台管理系统', 'login', '2015-12-16 19:10:31'), ('579', 'admin', '127.0.0.1', 'admin 于 2015-12-16 19:11:20 成功登录后台管理系统', 'login', '2015-12-16 19:11:21'), ('580', 'admin', '127.0.0.1', 'admin 于 2015-12-16 19:13:46 成功登录后台管理系统', 'login', '2015-12-16 19:13:46'), ('581', 'admin', '127.0.0.1', 'admin 于 2015-12-16 19:16:15 成功登录后台管理系统', 'login', '2015-12-16 19:16:15'), ('582', 'admin', '127.0.0.1', 'admin 于 2015-12-16 19:21:17 成功登录后台管理系统', 'login', '2015-12-16 19:21:17'), ('583', 'admin', '127.0.0.1', 'admin 于 2015-12-16 19:23:46 成功登录后台管理系统', 'login', '2015-12-16 19:23:46'), ('584', 'admin', '127.0.0.1', 'admin 于 2015-12-16 19:46:16 成功登录后台管理系统', 'login', '2015-12-16 19:46:16'), ('585', 'liuyihang', '192.168.0.118', 'liuyihang 于 2015-12-16 20:14:47 session超时退出系统', 'timeout', '2015-12-16 20:14:48'), ('586', 'liuyihang', '127.0.0.1', 'liuyihang 于 2015-12-17 10:08:30 成功登录后台管理系统', 'login', '2015-12-17 10:08:30'), ('587', 'admin', '192.168.0.101', 'admin 于 2015-12-17 10:40:10 成功登录后台管理系统', 'login', '2015-12-17 10:40:11'), ('588', 'admin', '127.0.0.1', 'admin 于 2015-12-17 10:46:44 成功登录后台管理系统', 'login', '2015-12-17 10:46:44'), ('589', 'admin', '127.0.0.1', 'admin 于 2015-12-17 11:07:35 成功登录后台管理系统', 'login', '2015-12-17 11:07:36'), ('590', 'liuyihang', '127.0.0.1', 'liuyihang 于 2015-12-17 11:08:06 session超时退出系统', 'timeout', '2015-12-17 11:08:06'), ('591', 'admin', '192.168.0.101', 'admin 于 2015-12-17 11:59:12 成功登录后台管理系统', 'login', '2015-12-17 11:59:12'), ('592', 'admin', '127.0.0.1', 'admin 于 2015-12-17 12:07:01 session超时退出系统', 'timeout', '2015-12-17 12:07:01'), ('593', 'admin', '127.0.0.1', 'admin 于 2015-12-17 12:07:02 成功登录后台管理系统', 'login', '2015-12-17 12:07:03'), ('594', 'liuyihang', '127.0.0.1', 'liuyihang 于 2015-12-17 12:28:05 成功登录后台管理系统', 'login', '2015-12-17 12:28:06'), ('595', 'admin', '127.0.0.1', 'admin 于 2015-12-17 12:36:34 成功登录后台管理系统', 'login', '2015-12-17 12:36:35'), ('596', 'admin', '192.168.0.101', 'admin 于 2015-12-17 12:40:04 成功登录后台管理系统', 'login', '2015-12-17 12:40:04'), ('597', 'admin', '127.0.0.1', 'admin 于 2015-12-17 13:07:32 session超时退出系统', 'timeout', '2015-12-17 13:07:33'), ('598', 'liuyihang', '127.0.0.1', 'liuyihang 于 2015-12-17 13:08:06 session超时退出系统', 'timeout', '2015-12-17 13:08:06'), ('599', 'admin', '127.0.0.1', 'admin 于 2015-12-17 13:39:03 成功登录后台管理系统', 'login', '2015-12-17 13:39:03'), ('600', 'admin', '192.168.0.101', 'admin 于 2015-12-17 13:40:09 成功登录后台管理系统', 'login', '2015-12-17 13:40:10'), ('601', 'admin', '192.168.0.101', 'admin 于 2015-12-17 13:41:14 成功登录后台管理系统', 'login', '2015-12-17 13:41:15'), ('602', 'admin', '192.168.0.101', 'admin 于 2015-12-17 13:49:17 成功登录后台管理系统', 'login', '2015-12-17 13:49:18'), ('603', 'admin', '127.0.0.1', 'admin 于 2015-12-17 13:56:15 成功登录后台管理系统', 'login', '2015-12-17 13:56:15'), ('604', 'admin', '192.168.0.101', 'admin 于 2015-12-17 14:08:26 成功登录后台管理系统', 'login', '2015-12-17 14:08:27'), ('605', 'admin', '192.168.0.101', 'admin 于 2015-12-17 14:23:23 成功登录后台管理系统', 'login', '2015-12-17 14:23:23'), ('606', 'admin', '127.0.0.1', 'admin 于 2015-12-17 14:29:52 成功登录后台管理系统', 'login', '2015-12-17 14:29:52'), ('607', 'admin', '127.0.0.1', 'admin 于 2015-12-17 14:35:42 成功登录后台管理系统', 'login', '2015-12-17 14:35:42'), ('608', 'admin', '192.168.0.101', 'admin 于 2015-12-17 14:46:18 成功登录后台管理系统', 'login', '2015-12-17 14:46:19'), ('609', 'liuyihang', '127.0.0.1', 'liuyihang 于 2015-12-17 15:10:23 成功登录后台管理系统', 'login', '2015-12-17 15:10:23'), ('610', 'admin', '127.0.0.1', 'admin 于 2015-12-17 15:24:46 成功登录后台管理系统', 'login', '2015-12-17 15:24:46'), ('611', 'liuyihang', '127.0.0.1', 'liuyihang 于 2015-12-17 15:36:31 成功登录后台管理系统', 'login', '2015-12-17 15:36:32'), ('612', 'admin', '127.0.0.1', 'admin 于 2015-12-17 15:46:43 安全退出系统', 'logout', '2015-12-17 15:46:44'), ('613', 'admin', '127.0.0.1', 'admin 于 2015-12-17 15:46:45 成功登录后台管理系统', 'login', '2015-12-17 15:46:46'), ('614', 'admin', '127.0.0.1', 'admin 于 2015-12-17 15:49:10 成功登录后台管理系统', 'login', '2015-12-17 15:49:11'), ('615', 'admin', '127.0.0.1', 'admin 于 2015-12-17 15:51:48 成功登录后台管理系统', 'login', '2015-12-17 15:51:48'), ('616', 'admin', '192.168.0.101', 'admin 于 2015-12-17 15:54:07 成功登录后台管理系统', 'login', '2015-12-17 15:54:08');
INSERT INTO `sys_login_logout` VALUES ('617', 'admin', '192.168.0.101', 'admin 于 2015-12-17 15:57:00 成功登录后台管理系统', 'login', '2015-12-17 15:57:01'), ('618', 'admin', '127.0.0.1', 'admin 于 2015-12-17 16:00:49 成功登录后台管理系统', 'login', '2015-12-17 16:00:50'), ('619', 'admin', '127.0.0.1', 'admin 于 2015-12-17 16:07:28 成功登录后台管理系统', 'login', '2015-12-17 16:07:29'), ('620', 'admin', '192.168.0.101', 'admin 于 2015-12-17 16:16:52 成功登录后台管理系统', 'login', '2015-12-17 16:16:53'), ('621', 'admin', '192.168.0.101', 'admin 于 2015-12-17 16:33:20 成功登录后台管理系统', 'login', '2015-12-17 16:33:20'), ('622', 'liuyihang', '127.0.0.1', 'liuyihang 于 2015-12-17 16:35:23 session超时退出系统', 'timeout', '2015-12-17 16:35:23'), ('623', 'liuyihang', '127.0.0.1', 'liuyihang 于 2015-12-17 16:35:53 成功登录后台管理系统', 'login', '2015-12-17 16:35:53'), ('624', 'liuyihang', '127.0.0.1', 'liuyihang 于 2015-12-17 16:36:18 安全退出系统', 'logout', '2015-12-17 16:36:18'), ('625', 'liaojianjia', '127.0.0.1', 'liaojianjia 于 2015-12-17 16:36:23 成功登录后台管理系统', 'login', '2015-12-17 16:36:24'), ('626', 'liaojianjia', '127.0.0.1', 'liaojianjia 于 2015-12-17 16:37:03 安全退出系统', 'logout', '2015-12-17 16:37:04'), ('627', 'liuyihang', '127.0.0.1', 'liuyihang 于 2015-12-17 16:37:09 成功登录后台管理系统', 'login', '2015-12-17 16:37:10'), ('628', 'liuyihang', '127.0.0.1', 'liuyihang 于 2015-12-17 16:39:04 安全退出系统', 'logout', '2015-12-17 16:39:05'), ('629', 'liaojianjia', '127.0.0.1', 'liaojianjia 于 2015-12-17 16:39:12 成功登录后台管理系统', 'login', '2015-12-17 16:39:12'), ('630', 'admin', '127.0.0.1', 'admin 于 2015-12-17 16:42:10 成功登录后台管理系统', 'login', '2015-12-17 16:42:10'), ('631', 'admin', '127.0.0.1', 'admin 于 2015-12-17 16:43:38 成功登录后台管理系统', 'login', '2015-12-17 16:43:39'), ('632', 'admin', '127.0.0.1', 'admin 于 2015-12-17 16:47:41 成功登录后台管理系统', 'login', '2015-12-17 16:47:41'), ('633', 'admin', '192.168.0.101', 'admin 于 2015-12-17 16:54:04 成功登录后台管理系统', 'login', '2015-12-17 16:54:04'), ('634', 'liaojianjia', '127.0.0.1', 'liaojianjia 于 2015-12-17 17:10:49 session超时退出系统', 'timeout', '2015-12-17 17:10:49'), ('635', 'liuyihang', '127.0.0.1', 'liuyihang 于 2015-12-17 17:11:14 成功登录后台管理系统', 'login', '2015-12-17 17:11:14'), ('636', 'admin', '192.168.0.101', 'admin 于 2015-12-17 17:18:40 成功登录后台管理系统', 'login', '2015-12-17 17:18:41'), ('637', 'admin', '192.168.0.101', 'admin 于 2015-12-17 17:20:33 成功登录后台管理系统', 'login', '2015-12-17 17:20:33'), ('638', 'admin', '192.168.0.101', 'admin 于 2015-12-17 17:25:20 成功登录后台管理系统', 'login', '2015-12-17 17:25:21'), ('639', 'admin', '192.168.0.101', 'admin 于 2015-12-17 17:40:24 成功登录后台管理系统', 'login', '2015-12-17 17:40:25'), ('640', 'admin', '192.168.0.101', 'admin 于 2015-12-17 17:42:07 成功登录后台管理系统', 'login', '2015-12-17 17:42:08'), ('641', 'admin', '127.0.0.1', 'admin 于 2015-12-17 17:43:35 session超时退出系统', 'timeout', '2015-12-17 17:43:35'), ('642', 'admin', '192.168.0.101', 'admin 于 2015-12-17 17:47:07 成功登录后台管理系统', 'login', '2015-12-17 17:47:08'), ('643', 'admin', '127.0.0.1', 'admin 于 2015-12-17 18:13:35 session超时退出系统', 'timeout', '2015-12-17 18:13:35'), ('644', 'admin', '192.168.0.101', 'admin 于 2015-12-17 19:04:12 成功登录后台管理系统', 'login', '2015-12-17 19:04:13'), ('645', 'admin', '192.168.0.101', 'admin 于 2015-12-17 19:10:35 成功登录后台管理系统', 'login', '2015-12-17 19:10:36'), ('646', 'admin', '127.0.0.1', 'admin 于 2015-12-17 19:11:07 成功登录后台管理系统', 'login', '2015-12-17 19:11:08'), ('647', 'admin', '127.0.0.1', 'admin 于 2015-12-17 19:14:04 成功登录后台管理系统', 'login', '2015-12-17 19:14:04'), ('648', 'admin', '127.0.0.1', 'admin 于 2015-12-17 19:15:41 成功登录后台管理系统', 'login', '2015-12-17 19:15:42'), ('649', 'admin', '192.168.0.101', 'admin 于 2015-12-17 19:22:33 成功登录后台管理系统', 'login', '2015-12-17 19:22:34'), ('650', 'admin', '192.168.0.101', 'admin 于 2015-12-17 19:25:05 成功登录后台管理系统', 'login', '2015-12-17 19:25:06'), ('651', 'admin', '127.0.0.1', 'admin 于 2015-12-17 19:25:40 成功登录后台管理系统', 'login', '2015-12-17 19:25:41'), ('652', 'admin', '127.0.0.1', 'admin 于 2015-12-17 19:31:20 成功登录后台管理系统', 'login', '2015-12-17 19:31:20'), ('653', 'admin', '127.0.0.1', 'admin 于 2015-12-17 19:41:23 成功登录后台管理系统', 'login', '2015-12-17 19:41:24'), ('654', 'admin', '127.0.0.1', 'admin 于 2015-12-17 19:43:11 成功登录后台管理系统', 'login', '2015-12-17 19:43:12'), ('655', 'admin', '127.0.0.1', 'admin 于 2015-12-17 19:48:14 成功登录后台管理系统', 'login', '2015-12-17 19:48:14'), ('656', 'admin', '192.168.0.101', 'admin 于 2015-12-17 19:50:42 成功登录后台管理系统', 'login', '2015-12-17 19:50:43'), ('657', 'admin', '192.168.0.101', 'admin 于 2015-12-17 19:55:13 成功登录后台管理系统', 'login', '2015-12-17 19:55:13'), ('658', 'admin', '192.168.0.101', 'admin 于 2015-12-17 20:00:09 成功登录后台管理系统', 'login', '2015-12-17 20:00:09'), ('659', 'admin', '127.0.0.1', 'admin 于 2015-12-17 20:09:47 成功登录后台管理系统', 'login', '2015-12-17 20:09:48'), ('660', 'admin', '192.168.0.101', 'admin 于 2015-12-17 20:35:50 成功登录后台管理系统', 'login', '2015-12-17 20:35:50'), ('661', 'admin', '192.168.0.101', 'admin 于 2015-12-17 20:39:05 成功登录后台管理系统', 'login', '2015-12-17 20:39:05'), ('662', 'admin', '192.168.0.101', 'admin 于 2015-12-17 20:43:55 成功登录后台管理系统', 'login', '2015-12-17 20:43:55'), ('663', 'admin', '192.168.0.101', 'admin 于 2015-12-17 20:52:52 成功登录后台管理系统', 'login', '2015-12-17 20:52:52'), ('664', 'admin', '127.0.0.1', 'admin 于 2015-12-17 21:09:44 session超时退出系统', 'timeout', '2015-12-17 21:09:45'), ('665', 'admin', '192.168.0.101', 'admin 于 2015-12-17 21:23:31 成功登录后台管理系统', 'login', '2015-12-17 21:23:31'), ('666', 'admin', '192.168.0.101', 'admin 于 2015-12-17 21:39:09 成功登录后台管理系统', 'login', '2015-12-17 21:39:09'), ('667', 'admin', '127.0.0.1', 'admin 于 2015-12-17 21:39:33 成功登录后台管理系统', 'login', '2015-12-17 21:39:34'), ('668', 'admin', '127.0.0.1', 'admin 于 2015-12-17 21:59:30 成功登录后台管理系统', 'login', '2015-12-17 21:59:31'), ('669', 'admin', '127.0.0.1', 'admin 于 2015-12-17 22:15:52 成功登录后台管理系统', 'login', '2015-12-17 22:15:52'), ('670', 'admin', '192.168.0.101', 'admin 于 2015-12-17 22:39:02 session超时退出系统', 'timeout', '2015-12-17 22:39:02'), ('671', 'admin', '192.168.0.101', 'admin 于 2015-12-18 12:58:12 成功登录后台管理系统', 'login', '2015-12-18 12:58:13'), ('672', 'admin', '127.0.0.1', 'admin 于 2015-12-18 13:05:53 成功登录后台管理系统', 'login', '2015-12-18 13:05:53'), ('673', 'admin', '127.0.0.1', 'admin 于 2015-12-18 13:57:15 成功登录后台管理系统', 'login', '2015-12-18 13:57:16'), ('674', 'admin', '127.0.0.1', 'admin 于 2015-12-18 14:07:31 成功登录后台管理系统', 'login', '2015-12-18 14:07:32'), ('675', 'admin', '127.0.0.1', 'admin 于 2015-12-18 14:22:51 成功登录后台管理系统', 'login', '2015-12-18 14:22:51'), ('676', 'admin', '127.0.0.1', 'admin 于 2015-12-18 14:46:34 session超时退出系统', 'timeout', '2015-12-18 14:46:35'), ('677', 'admin', '127.0.0.1', 'admin 于 2015-12-18 14:46:36 成功登录后台管理系统', 'login', '2015-12-18 14:46:36'), ('678', 'admin', '127.0.0.1', 'admin 于 2015-12-18 14:54:53 成功登录后台管理系统', 'login', '2015-12-18 14:54:54'), ('679', 'admin', '127.0.0.1', 'admin 于 2015-12-18 15:54:50 session超时退出系统', 'timeout', '2015-12-18 15:54:51'), ('680', 'admin', '127.0.0.1', 'admin 于 2015-12-18 15:57:13 session超时退出系统', 'timeout', '2015-12-18 15:57:13'), ('681', 'admin', '192.168.0.101', 'admin 于 2015-12-18 15:58:05 session超时退出系统', 'timeout', '2015-12-18 15:58:06'), ('682', 'admin', '127.0.0.1', 'admin 于 2016-04-05 10:15:22 成功登录后台管理系统', 'login', '2016-04-05 10:15:22'), ('683', 'admin', '127.0.0.1', 'admin 于 2016-04-19 13:06:29 成功登录后台管理系统', 'login', '2016-04-19 13:06:30'), ('684', 'admin', '127.0.0.1', 'admin 于 2016-04-19 14:03:43 成功登录后台管理系统', 'login', '2016-04-19 14:03:43'), ('685', 'admin', '127.0.0.1', 'admin 于 2016-04-19 14:10:30 成功登录后台管理系统', 'login', '2016-04-19 14:10:30'), ('686', 'admin', '127.0.0.1', 'admin 于 2016-04-19 16:10:25 session超时退出系统', 'timeout', '2016-04-19 16:10:25'), ('687', 'admin', '127.0.0.1', 'admin 于 2016-04-19 19:04:43 成功登录后台管理系统', 'login', '2016-04-19 19:04:43'), ('688', 'admin', '127.0.0.1', 'admin 于 2016-04-19 19:32:00 成功登录后台管理系统', 'login', '2016-04-19 19:32:00'), ('689', 'admin', '127.0.0.1', 'admin 于 2016-04-19 19:36:09 成功登录后台管理系统', 'login', '2016-04-19 19:36:10'), ('690', 'admin', '127.0.0.1', 'admin 于 2016-04-19 19:41:34 安全退出系统', 'logout', '2016-04-19 19:41:35'), ('691', 'admin', '127.0.0.1', 'admin 于 2016-04-19 19:41:42 成功登录后台管理系统', 'login', '2016-04-19 19:41:43'), ('692', 'admin', '127.0.0.1', 'admin 于 2016-04-19 19:42:11 安全退出系统', 'logout', '2016-04-19 19:42:12'), ('693', 'gujianfeng', '127.0.0.1', 'gujianfeng 于 2016-04-19 19:42:20 成功登录后台管理系统', 'login', '2016-04-19 19:42:20'), ('694', 'gujianfeng', '127.0.0.1', 'gujianfeng 于 2016-04-19 19:43:02 安全退出系统', 'logout', '2016-04-19 19:43:02'), ('695', 'admin', '127.0.0.1', 'admin 于 2016-04-19 19:43:03 成功登录后台管理系统', 'login', '2016-04-19 19:43:04'), ('696', 'admin', '127.0.0.1', 'admin 于 2016-04-19 19:43:38 安全退出系统', 'logout', '2016-04-19 19:43:39'), ('697', 'gujianfeng', '127.0.0.1', 'gujianfeng 于 2016-04-19 19:43:46 成功登录后台管理系统', 'login', '2016-04-19 19:43:47'), ('698', 'gujianfeng', '127.0.0.1', 'gujianfeng 于 2016-04-19 19:44:06 安全退出系统', 'logout', '2016-04-19 19:44:06'), ('699', 'admin', '127.0.0.1', 'admin 于 2016-04-19 19:44:08 成功登录后台管理系统', 'login', '2016-04-19 19:44:08'), ('700', 'admin', '127.0.0.1', 'admin 于 2016-04-19 19:57:54 安全退出系统', 'logout', '2016-04-19 19:57:55'), ('701', 'gujianfeng', '127.0.0.1', 'gujianfeng 于 2016-04-19 19:58:00 成功登录后台管理系统', 'login', '2016-04-19 19:58:01'), ('702', 'gujianfeng', '127.0.0.1', 'gujianfeng 于 2016-04-19 19:58:15 安全退出系统', 'logout', '2016-04-19 19:58:16'), ('703', 'admin', '127.0.0.1', 'admin 于 2016-04-19 19:58:18 成功登录后台管理系统', 'login', '2016-04-19 19:58:18'), ('704', 'admin', '127.0.0.1', 'admin 于 2016-04-19 19:58:31 安全退出系统', 'logout', '2016-04-19 19:58:31'), ('705', 'gujianfeng', '127.0.0.1', 'gujianfeng 于 2016-04-19 19:58:37 成功登录后台管理系统', 'login', '2016-04-19 19:58:37'), ('706', 'admin', '127.0.0.1', 'admin 于 2016-04-19 20:03:33 成功登录后台管理系统', 'login', '2016-04-19 20:03:33'), ('707', 'admin', '127.0.0.1', 'admin 于 2016-04-19 20:04:00 安全退出系统', 'logout', '2016-04-19 20:04:00'), ('708', 'gujianfeng', '127.0.0.1', 'gujianfeng 于 2016-04-19 20:04:04 成功登录后台管理系统', 'login', '2016-04-19 20:04:04'), ('709', 'admin', '127.0.0.1', 'admin 于 2016-05-03 16:55:00 成功登录后台管理系统', 'login', '2016-05-03 16:55:00'), ('710', 'admin', '127.0.0.1', 'admin 于 2016-05-04 09:18:20 成功登录后台管理系统', 'login', '2016-05-04 09:18:21'), ('711', 'admin', '127.0.0.1', 'admin 于 2016-05-04 09:19:07 安全退出系统', 'logout', '2016-05-04 09:19:07'), ('712', 'admin', '127.0.0.1', 'admin 于 2016-05-04 09:20:46 成功登录后台管理系统', 'login', '2016-05-04 09:20:47'), ('713', 'admin', '127.0.0.1', 'admin 于 2016-05-04 09:25:47 安全退出系统', 'logout', '2016-05-04 09:25:47'), ('714', 'admin', '127.0.0.1', 'admin 于 2016-05-04 09:26:05 成功登录后台管理系统', 'login', '2016-05-04 09:26:05'), ('715', 'admin', '127.0.0.1', 'admin 于 2016-05-04 09:26:31 成功登录后台管理系统', 'login', '2016-05-04 09:26:32'), ('716', 'admin', '127.0.0.1', 'admin 于 2016-05-04 09:42:50 安全退出系统', 'logout', '2016-05-04 09:42:51'), ('717', 'admin', '127.0.0.1', 'admin 于 2016-05-04 09:43:26 成功登录后台管理系统', 'login', '2016-05-04 09:43:26'), ('718', 'admin', '127.0.0.1', 'admin 于 2016-05-04 09:57:31 成功登录后台管理系统', 'login', '2016-05-04 09:57:32'), ('719', 'admin', '127.0.0.1', 'admin 于 2016-05-04 09:57:49 安全退出系统', 'logout', '2016-05-04 09:57:49'), ('720', 'admin', '127.0.0.1', 'admin 于 2016-05-04 10:07:02 成功登录后台管理系统', 'login', '2016-05-04 10:07:03'), ('721', 'admin', '127.0.0.1', 'admin 于 2016-05-04 10:07:09 安全退出系统', 'logout', '2016-05-04 10:07:09'), ('722', 'admin', '127.0.0.1', 'admin 于 2016-05-04 10:10:46 成功登录后台管理系统', 'login', '2016-05-04 10:10:47'), ('723', 'admin', '127.0.0.1', 'admin 于 2016-05-04 10:10:51 安全退出系统', 'logout', '2016-05-04 10:10:51'), ('724', 'admin', '127.0.0.1', 'admin 于 2016-05-04 10:22:22 成功登录后台管理系统', 'login', '2016-05-04 10:22:23'), ('725', 'admin', '127.0.0.1', 'admin 于 2016-05-04 10:22:28 安全退出系统', 'logout', '2016-05-04 10:22:29'), ('726', 'admin', '127.0.0.1', 'admin 于 2016-05-04 10:23:23 成功登录后台管理系统', 'login', '2016-05-04 10:23:24'), ('727', 'admin', '127.0.0.1', 'admin 于 2016-05-04 10:23:26 安全退出系统', 'logout', '2016-05-04 10:23:26'), ('728', 'admin', '127.0.0.1', 'admin 于 2016-05-04 10:23:55 成功登录后台管理系统', 'login', '2016-05-04 10:23:55'), ('729', 'admin', '127.0.0.1', 'admin 于 2016-05-04 10:23:58 安全退出系统', 'logout', '2016-05-04 10:23:59'), ('730', 'admin', '127.0.0.1', 'admin 于 2016-05-04 10:24:31 成功登录后台管理系统', 'login', '2016-05-04 10:24:32'), ('731', 'admin', '127.0.0.1', 'admin 于 2016-05-04 10:24:34 安全退出系统', 'logout', '2016-05-04 10:24:34'), ('732', 'admin', '127.0.0.1', 'admin 于 2016-05-04 10:24:59 成功登录后台管理系统', 'login', '2016-05-04 10:25:00'), ('733', 'admin', '127.0.0.1', 'admin 于 2016-05-04 10:25:02 安全退出系统', 'logout', '2016-05-04 10:25:02'), ('734', 'admin', '127.0.0.1', 'admin 于 2016-05-04 10:25:11 成功登录后台管理系统', 'login', '2016-05-04 10:25:11'), ('735', 'admin', '127.0.0.1', 'admin 于 2016-05-04 10:25:14 安全退出系统', 'logout', '2016-05-04 10:25:14'), ('736', 'admin', '127.0.0.1', 'admin 于 2016-05-04 10:26:48 成功登录后台管理系统', 'login', '2016-05-04 10:26:48'), ('737', 'admin', '127.0.0.1', 'admin 于 2016-05-04 10:27:09 成功登录后台管理系统', 'login', '2016-05-04 10:27:09'), ('738', 'admin', '127.0.0.1', 'admin 于 2016-05-04 11:01:01 成功登录后台管理系统', 'login', '2016-05-04 11:01:01'), ('739', 'admin', '127.0.0.1', 'admin 于 2016-05-04 11:02:18 安全退出系统', 'logout', '2016-05-04 11:02:19'), ('740', 'admin', '127.0.0.1', 'admin 于 2016-05-04 11:02:27 成功登录后台管理系统', 'login', '2016-05-04 11:02:28'), ('741', 'admin', '127.0.0.1', 'admin 于 2016-05-04 11:02:37 安全退出系统', 'logout', '2016-05-04 11:02:38'), ('742', 'admin', '127.0.0.1', 'admin 于 2016-05-04 11:02:44 成功登录后台管理系统', 'login', '2016-05-04 11:02:44'), ('743', 'admin', '127.0.0.1', 'admin 于 2016-05-04 11:03:44 成功登录后台管理系统', 'login', '2016-05-04 11:03:45'), ('744', 'admin', '127.0.0.1', 'admin 于 2016-05-04 11:05:07 成功登录后台管理系统', 'login', '2016-05-04 11:05:08'), ('745', 'admin', '127.0.0.1', 'admin 于 2016-05-04 11:06:07 成功登录后台管理系统', 'login', '2016-05-04 11:06:08'), ('746', 'admin', '127.0.0.1', 'admin 于 2016-05-04 11:07:33 安全退出系统', 'logout', '2016-05-04 11:07:34'), ('747', 'admin', '127.0.0.1', 'admin 于 2016-05-04 11:07:40 成功登录后台管理系统', 'login', '2016-05-04 11:07:41'), ('748', 'admin', '127.0.0.1', 'admin 于 2016-05-04 11:08:12 安全退出系统', 'logout', '2016-05-04 11:08:12'), ('749', 'admin', '127.0.0.1', 'admin 于 2016-05-04 11:24:25 成功登录后台管理系统', 'login', '2016-05-04 11:24:25'), ('750', 'admin', '127.0.0.1', 'admin 于 2016-05-04 11:24:28 安全退出系统', 'logout', '2016-05-04 11:24:29'), ('751', 'admin', '127.0.0.1', 'admin 于 2016-05-04 11:24:30 成功登录后台管理系统', 'login', '2016-05-04 11:24:30'), ('752', 'admin', '127.0.0.1', 'admin 于 2016-05-04 11:29:49 安全退出系统', 'logout', '2016-05-04 11:29:50'), ('753', 'admin', '127.0.0.1', 'admin 于 2016-05-04 11:29:59 成功登录后台管理系统', 'login', '2016-05-04 11:29:59'), ('754', 'admin', '127.0.0.1', 'admin 于 2016-05-04 11:30:25 安全退出系统', 'logout', '2016-05-04 11:30:25'), ('755', 'admin', '127.0.0.1', 'admin 于 2016-05-04 11:34:21 成功登录后台管理系统', 'login', '2016-05-04 11:34:22'), ('756', 'admin', '127.0.0.1', 'admin 于 2016-05-04 17:25:07 成功登录后台管理系统', 'login', '2016-05-04 17:25:08'), ('757', 'admin', '127.0.0.1', 'admin 于 2016-05-04 17:56:49 成功登录后台管理系统', 'login', '2016-05-04 17:56:50'), ('758', 'admin', '127.0.0.1', 'admin 于 2016-05-04 18:15:58 成功登录后台管理系统', 'login', '2016-05-04 18:15:58'), ('759', 'admin', '127.0.0.1', 'admin 于 2016-05-04 19:15:50 session超时退出系统', 'timeout', '2016-05-04 19:15:51'), ('760', 'admin', '127.0.0.1', 'admin 于 2016-05-05 18:22:11 成功登录后台管理系统', 'login', '2016-05-05 18:22:11'), ('761', 'admin', '127.0.0.1', 'admin 于 2016-05-06 09:49:33 成功登录后台管理系统', 'login', '2016-05-06 09:49:33'), ('762', 'admin', '127.0.0.1', 'admin 于 2016-05-12 10:32:57 成功登录后台管理系统', 'login', '2016-05-12 10:32:57'), ('763', 'admin', '127.0.0.1', 'admin 于 2016-05-12 11:08:23 成功登录后台管理系统', 'login', '2016-05-12 11:08:24'), ('764', 'admin', '0:0:0:0:0:0:0:1', 'admin 于 2016-05-12 11:23:12 成功登录后台管理系统', 'login', '2016-05-12 11:23:12'), ('765', 'admin', '0:0:0:0:0:0:0:1', 'admin 于 2016-05-12 14:32:53 成功登录后台管理系统', 'login', '2016-05-12 14:32:54'), ('766', 'admin', '0:0:0:0:0:0:0:1', 'admin 于 2016-05-12 15:23:05 session超时退出系统', 'timeout', '2016-05-12 15:23:06'), ('767', 'admin', '127.0.0.1', 'admin 于 2016-05-12 18:31:05 成功登录后台管理系统', 'login', '2016-05-12 18:31:05'), ('768', 'admin', '127.0.0.1', 'admin 于 2016-05-12 21:17:02 成功登录后台管理系统', 'login', '2016-05-12 21:17:02'), ('769', 'admin', '127.0.0.1', 'admin 于 2016-05-12 21:30:12 成功登录后台管理系统', 'login', '2016-05-12 21:30:13'), ('770', 'admin', '127.0.0.1', 'admin 于 2016-05-12 21:31:50 成功登录后台管理系统', 'login', '2016-05-12 21:31:51'), ('771', 'test1', '127.0.0.1', 'test1 于 2016-05-12 22:20:28 成功登录后台管理系统', 'login', '2016-05-12 22:20:28'), ('772', 'test1', '127.0.0.1', 'test1 于 2016-05-12 22:20:45 安全退出系统', 'logout', '2016-05-12 22:20:46'), ('773', 'admin', '127.0.0.1', 'admin 于 2016-05-12 22:55:47 成功登录后台管理系统', 'login', '2016-05-12 22:55:48'), ('774', 'test1', '127.0.0.1', 'test1 于 2016-05-12 22:58:51 成功登录后台管理系统', 'login', '2016-05-12 22:58:52'), ('775', 'admin', '127.0.0.1', 'admin 于 2016-05-12 23:00:22 成功登录后台管理系统', 'login', '2016-05-12 23:00:23'), ('776', 'test1', '127.0.0.1', 'test1 于 2016-05-12 23:02:26 成功登录后台管理系统', 'login', '2016-05-12 23:02:27'), ('777', 'admin', '127.0.0.1', 'admin 于 2016-05-12 23:04:12 成功登录后台管理系统', 'login', '2016-05-12 23:04:12'), ('778', 'test1', '127.0.0.1', 'test1 于 2016-05-12 23:04:40 成功登录后台管理系统', 'login', '2016-05-12 23:04:40'), ('779', 'admin', '127.0.0.1', 'admin 于 2016-05-12 23:08:31 成功登录后台管理系统', 'login', '2016-05-12 23:08:32'), ('780', 'test1', '127.0.0.1', 'test1 于 2016-05-12 23:09:09 成功登录后台管理系统', 'login', '2016-05-12 23:09:10'), ('781', 'admin', '127.0.0.1', 'admin 于 2016-05-12 23:15:22 成功登录后台管理系统', 'login', '2016-05-12 23:15:23'), ('782', 'test1', '127.0.0.1', 'test1 于 2016-05-12 23:15:49 成功登录后台管理系统', 'login', '2016-05-12 23:15:49'), ('783', 'admin', '127.0.0.1', 'admin 于 2016-05-12 23:18:00 成功登录后台管理系统', 'login', '2016-05-12 23:18:01'), ('784', 'test1', '127.0.0.1', 'test1 于 2016-05-12 23:18:28 成功登录后台管理系统', 'login', '2016-05-12 23:18:29'), ('785', 'admin', '127.0.0.1', 'admin 于 2016-05-12 23:20:50 成功登录后台管理系统', 'login', '2016-05-12 23:20:50'), ('786', 'test1', '127.0.0.1', 'test1 于 2016-05-12 23:21:20 成功登录后台管理系统', 'login', '2016-05-12 23:21:21'), ('787', 'admin', '127.0.0.1', 'admin 于 2016-05-12 23:22:46 成功登录后台管理系统', 'login', '2016-05-12 23:22:47'), ('788', 'admin', '127.0.0.1', 'admin 于 2016-05-12 23:23:59 成功登录后台管理系统', 'login', '2016-05-12 23:24:00'), ('789', 'test1', '127.0.0.1', 'test1 于 2016-05-12 23:24:21 成功登录后台管理系统', 'login', '2016-05-12 23:24:22'), ('790', 'admin', '127.0.0.1', 'admin 于 2016-05-12 23:26:10 成功登录后台管理系统', 'login', '2016-05-12 23:26:10'), ('791', 'test1', '127.0.0.1', 'test1 于 2016-05-12 23:27:05 成功登录后台管理系统', 'login', '2016-05-12 23:27:06'), ('792', 'admin', '127.0.0.1', 'admin 于 2016-05-12 23:29:27 成功登录后台管理系统', 'login', '2016-05-12 23:29:27'), ('793', 'test1', '127.0.0.1', 'test1 于 2016-05-12 23:30:06 成功登录后台管理系统', 'login', '2016-05-12 23:30:06'), ('794', 'admin', '127.0.0.1', 'admin 于 2016-05-12 23:31:26 成功登录后台管理系统', 'login', '2016-05-12 23:31:26'), ('795', 'test1', '127.0.0.1', 'test1 于 2016-05-12 23:31:49 成功登录后台管理系统', 'login', '2016-05-12 23:31:50'), ('796', 'admin', '127.0.0.1', 'admin 于 2016-05-12 23:40:02 成功登录后台管理系统', 'login', '2016-05-12 23:40:03'), ('797', 'test1', '127.0.0.1', 'test1 于 2016-05-12 23:40:34 成功登录后台管理系统', 'login', '2016-05-12 23:40:34'), ('798', 'admin', '127.0.0.1', 'admin 于 2016-05-13 00:01:19 成功登录后台管理系统', 'login', '2016-05-13 00:01:19'), ('799', 'admin', '127.0.0.1', 'admin 于 2016-05-13 00:01:25 成功登录后台管理系统', 'login', '2016-05-13 00:01:26'), ('800', 'admin', '127.0.0.1', 'admin 于 2016-05-13 00:01:43 成功登录后台管理系统', 'login', '2016-05-13 00:01:43'), ('801', 'admin', '127.0.0.1', 'admin 于 2016-05-13 00:02:59 成功登录后台管理系统', 'login', '2016-05-13 00:03:00'), ('802', 'admin', '127.0.0.1', 'admin 于 2016-05-13 00:03:14 成功登录后台管理系统', 'login', '2016-05-13 00:03:15'), ('803', 'admin', '127.0.0.1', 'admin 于 2016-05-13 00:05:26 成功登录后台管理系统', 'login', '2016-05-13 00:05:26'), ('804', 'admin', '127.0.0.1', 'admin 于 2016-05-13 00:06:03 成功登录后台管理系统', 'login', '2016-05-13 00:06:04'), ('805', 'admin', '127.0.0.1', 'admin 于 2016-05-13 00:08:30 成功登录后台管理系统', 'login', '2016-05-13 00:08:30'), ('806', 'admin', '127.0.0.1', 'admin 于 2016-05-13 00:08:40 成功登录后台管理系统', 'login', '2016-05-13 00:08:41'), ('807', 'admin', '127.0.0.1', 'admin 于 2016-05-13 00:09:57 成功登录后台管理系统', 'login', '2016-05-13 00:09:58'), ('808', 'admin', '127.0.0.1', 'admin 于 2016-05-13 00:10:06 成功登录后台管理系统', 'login', '2016-05-13 00:10:07'), ('809', 'admin', '127.0.0.1', 'admin 于 2016-05-13 11:10:10 成功登录后台管理系统', 'login', '2016-05-13 11:10:10'), ('810', 'admin', '127.0.0.1', 'admin 于 2016-05-17 17:00:00 成功登录后台管理系统', 'login', '2016-05-17 17:00:00'), ('811', 'admin', '127.0.0.1', 'admin 于 2016-05-17 17:05:15 成功登录后台管理系统', 'login', '2016-05-17 17:05:15'), ('812', 'admin', '127.0.0.1', 'admin 于 2016-05-17 17:21:00 成功登录后台管理系统', 'login', '2016-05-17 17:21:01'), ('813', 'admin', '127.0.0.1', 'admin 于 2016-05-17 17:46:55 成功登录后台管理系统', 'login', '2016-05-17 17:46:55'), ('814', 'admin', '127.0.0.1', 'admin 于 2016-05-17 17:48:55 成功登录后台管理系统', 'login', '2016-05-17 17:48:56'), ('815', 'admin', '127.0.0.1', 'admin 于 2016-05-17 17:49:41 成功登录后台管理系统', 'login', '2016-05-17 17:49:42'), ('816', 'admin', '127.0.0.1', 'admin 于 2016-05-17 17:50:32 成功登录后台管理系统', 'login', '2016-05-17 17:50:33'), ('817', 'admin', '127.0.0.1', 'admin 于 2016-05-17 17:51:41 成功登录后台管理系统', 'login', '2016-05-17 17:51:41'), ('818', 'admin', '127.0.0.1', 'admin 于 2016-05-17 17:53:15 成功登录后台管理系统', 'login', '2016-05-17 17:53:16'), ('819', 'admin', '127.0.0.1', 'admin 于 2016-05-17 17:54:48 成功登录后台管理系统', 'login', '2016-05-17 17:54:49'), ('820', 'admin', '127.0.0.1', 'admin 于 2016-05-18 09:10:54 成功登录后台管理系统', 'login', '2016-05-18 09:10:54'), ('821', 'admin', '127.0.0.1', 'admin 于 2016-05-18 10:04:29 成功登录后台管理系统', 'login', '2016-05-18 10:04:29'), ('822', 'admin', '127.0.0.1', 'admin 于 2016-05-18 10:05:12 成功登录后台管理系统', 'login', '2016-05-18 10:05:12'), ('823', 'admin', '127.0.0.1', 'admin 于 2016-05-18 10:05:56 成功登录后台管理系统', 'login', '2016-05-18 10:05:57'), ('824', 'admin', '127.0.0.1', 'admin 于 2016-05-18 10:18:28 成功登录后台管理系统', 'login', '2016-05-18 10:18:28'), ('825', 'admin', '127.0.0.1', 'admin 于 2016-05-18 13:38:36 成功登录后台管理系统', 'login', '2016-05-18 13:38:36'), ('826', 'admin', '127.0.0.1', 'admin 于 2016-05-18 13:44:58 成功登录后台管理系统', 'login', '2016-05-18 13:44:58'), ('827', 'admin', '127.0.0.1', 'admin 于 2016-05-18 14:11:24 成功登录后台管理系统', 'login', '2016-05-18 14:11:25'), ('828', 'admin', '127.0.0.1', 'admin 于 2016-05-18 14:27:48 成功登录后台管理系统', 'login', '2016-05-18 14:27:48'), ('829', 'admin', '127.0.0.1', 'admin 于 2016-05-18 15:34:52 成功登录后台管理系统', 'login', '2016-05-18 15:34:53'), ('830', 'admin', '127.0.0.1', 'admin 于 2016-05-18 15:39:12 成功登录后台管理系统', 'login', '2016-05-18 15:39:12'), ('831', 'admin', '127.0.0.1', 'admin 于 2016-06-08 13:42:36 成功登录后台管理系统', 'login', '2016-06-08 13:42:36'), ('832', 'admin', '127.0.0.1', 'admin 于 2016-06-08 14:11:04 安全退出系统', 'logout', '2016-06-08 14:11:05'), ('833', 'admin', '127.0.0.1', 'admin 于 2016-06-08 14:11:40 成功登录后台管理系统', 'login', '2016-06-08 14:11:41'), ('834', 'admin', '127.0.0.1', 'admin 于 2016-06-08 14:16:51 安全退出系统', 'logout', '2016-06-08 14:16:52'), ('835', 'admin', '127.0.0.1', 'admin 于 2016-06-08 14:17:28 成功登录后台管理系统', 'login', '2016-06-08 14:17:29'), ('836', 'admin', '127.0.0.1', 'admin 于 2016-06-08 14:38:25 成功登录后台管理系统', 'login', '2016-06-08 14:38:26'), ('837', 'admin', '127.0.0.1', 'admin 于 2016-06-08 14:47:10 成功登录后台管理系统', 'login', '2016-06-08 14:47:10'), ('838', 'admin', '127.0.0.1', 'admin 于 2016-06-08 14:49:06 成功登录后台管理系统', 'login', '2016-06-08 14:49:06'), ('839', 'admin', '127.0.0.1', 'admin 于 2016-06-08 14:50:56 成功登录后台管理系统', 'login', '2016-06-08 14:50:57'), ('840', 'admin', '127.0.0.1', 'admin 于 2016-06-08 14:51:51 成功登录后台管理系统', 'login', '2016-06-08 14:51:52'), ('841', 'admin', '127.0.0.1', 'admin 于 2016-06-08 14:52:59 成功登录后台管理系统', 'login', '2016-06-08 14:52:59'), ('842', 'admin', '127.0.0.1', 'admin 于 2016-06-08 14:54:07 成功登录后台管理系统', 'login', '2016-06-08 14:54:07'), ('843', 'admin', '127.0.0.1', 'admin 于 2016-06-08 14:55:18 安全退出系统', 'logout', '2016-06-08 14:55:19'), ('844', 'admin', '127.0.0.1', 'admin 于 2016-06-08 15:06:32 成功登录后台管理系统', 'login', '2016-06-08 15:06:33'), ('845', 'admin', '127.0.0.1', 'admin 于 2016-06-08 15:07:41 安全退出系统', 'logout', '2016-06-08 15:07:41'), ('846', 'admin', '127.0.0.1', 'admin 于 2016-06-08 15:08:45 成功登录后台管理系统', 'login', '2016-06-08 15:08:45'), ('847', 'admin', '127.0.0.1', 'admin 于 2016-06-08 15:09:24 安全退出系统', 'logout', '2016-06-08 15:09:24'), ('848', 'admin', '127.0.0.1', 'admin 于 2016-06-08 15:09:30 成功登录后台管理系统', 'login', '2016-06-08 15:09:31'), ('849', 'admin', '127.0.0.1', 'admin 于 2016-06-08 15:10:20 成功登录后台管理系统', 'login', '2016-06-08 15:10:20'), ('850', 'admin', '127.0.0.1', 'admin 于 2016-06-08 15:44:36 成功登录后台管理系统', 'login', '2016-06-08 15:44:37'), ('851', 'admin', '127.0.0.1', 'admin 于 2016-06-22 16:29:57 成功登录后台管理系统', 'login', '2016-06-22 16:29:57'), ('852', 'admin', '127.0.0.1', 'admin 于 2016-06-23 20:56:09 成功登录后台管理系统', 'login', '2016-06-23 20:56:10'), ('853', 'admin', '127.0.0.1', 'admin 于 2016-06-29 20:45:37 成功登录后台管理系统', 'login', '2016-06-29 20:45:38'), ('854', 'admin', '127.0.0.1', 'admin 于 2016-06-29 20:51:44 安全退出系统', 'logout', '2016-06-29 20:51:44'), ('855', 'gujianfeng', '127.0.0.1', 'gujianfeng 于 2016-06-29 20:51:56 成功登录后台管理系统', 'login', '2016-06-29 20:51:57'), ('856', 'gujianfeng', '127.0.0.1', 'gujianfeng 于 2016-06-29 20:52:06 安全退出系统', 'logout', '2016-06-29 20:52:07'), ('857', 'admin', '127.0.0.1', 'admin 于 2016-06-29 20:52:10 成功登录后台管理系统', 'login', '2016-06-29 20:52:11'), ('858', 'admin', '127.0.0.1', 'admin 于 2016-06-29 20:52:28 安全退出系统', 'logout', '2016-06-29 20:52:29'), ('859', 'gujianfeng', '127.0.0.1', 'gujianfeng 于 2016-06-29 20:52:32 成功登录后台管理系统', 'login', '2016-06-29 20:52:33'), ('860', 'gujianfeng', '127.0.0.1', 'gujianfeng 于 2016-06-29 20:52:42 安全退出系统', 'logout', '2016-06-29 20:52:42'), ('861', 'admin', '127.0.0.1', 'admin 于 2016-06-29 20:52:46 成功登录后台管理系统', 'login', '2016-06-29 20:52:46'), ('862', 'admin', '127.0.0.1', 'admin 于 2016-06-29 20:53:10 安全退出系统', 'logout', '2016-06-29 20:53:11'), ('863', 'gujianfeng', '127.0.0.1', 'gujianfeng 于 2016-06-29 20:53:15 成功登录后台管理系统', 'login', '2016-06-29 20:53:15'), ('864', 'gujianfeng', '127.0.0.1', 'gujianfeng 于 2016-06-29 20:53:28 安全退出系统', 'logout', '2016-06-29 20:53:29'), ('865', 'admin', '127.0.0.1', 'admin 于 2016-06-29 20:53:32 成功登录后台管理系统', 'login', '2016-06-29 20:53:33'), ('866', 'admin', '127.0.0.1', 'admin 于 2016-06-29 20:53:58 安全退出系统', 'logout', '2016-06-29 20:53:58'), ('867', 'gujianfeng', '127.0.0.1', 'gujianfeng 于 2016-06-29 20:54:04 成功登录后台管理系统', 'login', '2016-06-29 20:54:05'), ('868', 'gujianfeng', '127.0.0.1', 'gujianfeng 于 2016-06-29 20:54:23 安全退出系统', 'logout', '2016-06-29 20:54:23'), ('869', 'admin', '127.0.0.1', 'admin 于 2016-06-29 20:54:27 成功登录后台管理系统', 'login', '2016-06-29 20:54:27'), ('870', 'admin', '127.0.0.1', 'admin 于 2016-06-29 20:58:12 成功登录后台管理系统', 'login', '2016-06-29 20:58:12'), ('871', 'admin', '127.0.0.1', 'admin 于 2016-07-08 17:04:23 成功登录后台管理系统', 'login', '2016-07-08 17:04:23'), ('872', 'admin', '127.0.0.1', 'admin 于 2016-07-08 17:05:04 session超时退出系统', 'timeout', '2016-07-08 17:05:04'), ('873', 'admin', '127.0.0.1', 'admin 于 2016-07-08 17:05:12 成功登录后台管理系统', 'login', '2016-07-08 17:05:12'), ('874', 'admin', '127.0.0.1', 'admin 于 2016-07-08 17:05:21 session超时退出系统', 'timeout', '2016-07-08 17:05:21'), ('875', 'admin', '127.0.0.1', 'admin 于 2016-07-08 17:05:26 成功登录后台管理系统', 'login', '2016-07-08 17:05:26'), ('876', 'admin', '127.0.0.1', 'admin 于 2016-07-08 17:05:39 session超时退出系统', 'timeout', '2016-07-08 17:05:40'), ('877', 'admin', '127.0.0.1', 'admin 于 2016-07-08 17:05:47 成功登录后台管理系统', 'login', '2016-07-08 17:05:48'), ('878', 'admin', '127.0.0.1', 'admin 于 2016-07-08 17:05:58 session超时退出系统', 'timeout', '2016-07-08 17:05:59'), ('879', 'admin', '127.0.0.1', 'admin 于 2016-07-08 17:06:25 安全退出系统', 'logout', '2016-07-08 17:06:26'), ('880', 'admin', '127.0.0.1', 'admin 于 2016-07-08 17:08:15 安全退出系统', 'logout', '2016-07-08 17:08:16'), ('881', 'admin', '127.0.0.1', 'admin 于 2016-07-08 17:08:38 成功登录后台管理系统', 'login', '2016-07-08 17:08:38'), ('882', 'admin', '127.0.0.1', 'admin 于 2016-07-08 17:08:44 session超时退出系统', 'timeout', '2016-07-08 17:08:44'), ('883', 'admin', '127.0.0.1', 'admin 于 2016-07-08 17:08:55 成功登录后台管理系统', 'login', '2016-07-08 17:08:55'), ('884', 'admin', '127.0.0.1', 'admin 于 2016-07-08 17:08:58 安全退出系统', 'logout', '2016-07-08 17:08:58'), ('885', 'admin', '127.0.0.1', 'admin 于 2016-07-08 17:09:02 成功登录后台管理系统', 'login', '2016-07-08 17:09:02'), ('886', 'admin', '127.0.0.1', 'admin 于 2016-07-08 17:09:11 session超时退出系统', 'timeout', '2016-07-08 17:09:11'), ('887', 'admin', '127.0.0.1', 'admin 于 2016-07-08 17:09:18 成功登录后台管理系统', 'login', '2016-07-08 17:09:19'), ('888', 'admin', '127.0.0.1', 'admin 于 2016-07-08 17:09:28 session超时退出系统', 'timeout', '2016-07-08 17:09:28'), ('889', 'admin', '127.0.0.1', 'admin 于 2016-07-08 17:09:28 安全退出系统', 'logout', '2016-07-08 17:09:28'), ('890', 'admin', '127.0.0.1', 'admin 于 2016-07-08 17:09:36 成功登录后台管理系统', 'login', '2016-07-08 17:09:37'), ('891', 'admin', '127.0.0.1', 'admin 于 2016-07-08 17:09:42 session超时退出系统', 'timeout', '2016-07-08 17:09:43'), ('892', 'admin', '127.0.0.1', 'admin 于 2016-07-08 17:09:51 成功登录后台管理系统', 'login', '2016-07-08 17:09:51'), ('893', 'admin', '127.0.0.1', 'admin 于 2016-07-08 17:10:03 安全退出系统', 'logout', '2016-07-08 17:10:03'), ('894', 'admin', '127.0.0.1', 'admin 于 2016-07-08 17:10:10 成功登录后台管理系统', 'login', '2016-07-08 17:10:11'), ('895', 'admin', '127.0.0.1', 'admin 于 2016-07-08 17:10:20 session超时退出系统', 'timeout', '2016-07-08 17:10:20'), ('896', 'admin', '127.0.0.1', 'admin 于 2016-07-08 17:10:49 安全退出系统', 'logout', '2016-07-08 17:10:50'), ('897', 'admin', '127.0.0.1', 'admin 于 2016-07-08 17:22:41 成功登录后台管理系统', 'login', '2016-07-08 17:22:41');
COMMIT;

-- ----------------------------
--  Table structure for `sys_organization`
-- ----------------------------
DROP TABLE IF EXISTS `sys_organization`;
CREATE TABLE `sys_organization` (
  `id` bigint(20) NOT NULL AUTO_INCREMENT COMMENT '组织机构id',
  `name` varchar(100) DEFAULT NULL COMMENT '组织结构名称',
  `parent` bigint(20) DEFAULT NULL COMMENT '父id',
  `expanded` tinyint(1) DEFAULT '1',
  `loaded` tinyint(1) DEFAULT '1',
  `level` varchar(45) DEFAULT NULL,
  `isleaf` tinyint(1) DEFAULT '1',
  PRIMARY KEY (`id`),
  KEY `idx_sys_organization_parent_id` (`parent`)
) ENGINE=InnoDB AUTO_INCREMENT=27 DEFAULT CHARSET=utf8;

-- ----------------------------
--  Records of `sys_organization`
-- ----------------------------
BEGIN;
INSERT INTO `sys_organization` VALUES ('1', 'root', '0', '1', '1', '0', '0'), ('21', '恒优信息', '1', '1', '1', '1', '0'), ('22', '产品部', '21', '1', '1', '2', '1'), ('23', '开发部', '21', '1', '1', '2', '1'), ('24', '测试部', '21', '1', '1', '2', '1'), ('25', '商数', '1', '1', '1', '1', '0'), ('26', '行政部', '25', '1', '1', '2', '1');
COMMIT;

-- ----------------------------
--  Table structure for `sys_resource`
-- ----------------------------
DROP TABLE IF EXISTS `sys_resource`;
CREATE TABLE `sys_resource` (
  `id` bigint(20) NOT NULL AUTO_INCREMENT COMMENT '资源id',
  `name` varchar(100) DEFAULT NULL COMMENT '资源名称',
  `type` varchar(50) DEFAULT NULL COMMENT '类型(column:栏目,menu:菜单,action:动作)',
  `url` varchar(200) DEFAULT '' COMMENT '跳转链接地址',
  `permission` varchar(100) DEFAULT NULL COMMENT '权限字段',
  `icon` varchar(50) DEFAULT NULL COMMENT '图标',
  `is_initialized` tinyint(1) DEFAULT '0' COMMENT '是否为初始化数据',
  `sort_num` int(11) DEFAULT '0' COMMENT '排序号',
  `parent` bigint(20) DEFAULT NULL COMMENT '父id',
  `expanded` tinyint(1) DEFAULT '1',
  `loaded` tinyint(1) DEFAULT '1',
  `level` varchar(45) DEFAULT NULL,
  `isleaf` tinyint(1) DEFAULT '1',
  PRIMARY KEY (`id`),
  KEY `idx_sys_resource_parent_id` (`parent`)
) ENGINE=InnoDB AUTO_INCREMENT=24 DEFAULT CHARSET=utf8;

-- ----------------------------
--  Records of `sys_resource`
-- ----------------------------
BEGIN;
INSERT INTO `sys_resource` VALUES ('1', 'root', 'root', '', '', null, '1', '-1', '0', '1', '1', '0', '0'), ('2', '系统管理', 'column', '', 'sys:view', 'glyphicon glyphicon-align-justify', '0', '99', '1', '1', '1', '1', '0'), ('3', '用户管理', 'menu', '/user', 'sys:user:view', '', '1', '0', '2', '1', '1', '2', '0'), ('4', '用户新增', 'action', '', 'sys:user:create', '', '1', '0', '3', '1', '1', '3', '1'), ('5', '用户修改', 'action', '', 'sys:user:update', '', '1', '1', '3', '1', '1', '3', '1'), ('6', '用户删除', 'action', '', 'sys:user:delete', '', '1', '2', '3', '1', '1', '3', '1'), ('7', '角色管理', 'menu', '/role', 'sys:role:view', '', '1', '1', '2', '1', '1', '2', '0'), ('8', '角色新增', 'action', '', 'sys:role:create', '', '1', '0', '7', '1', '1', '3', '1'), ('9', '角色修改', 'action', '', 'sys:role:update', '', '1', '1', '7', '1', '1', '3', '1'), ('10', '角色删除', 'action', '', 'sys:role:delete', '', '1', '2', '7', '1', '1', '3', '1'), ('11', '部门管理', 'menu', '/organization', 'sys:organization:view', '', '1', '3', '2', '1', '1', '2', '0'), ('12', '部门新增', 'action', '', 'sys:organization:create', '', '1', '0', '11', '1', '1', '3', '1'), ('13', '部门修改', 'action', '', 'sys:organization:update', '', '1', '1', '11', '1', '1', '3', '1'), ('14', '部门删除', 'action', '', 'sys:organization:delete', '', '1', '2', '11', '1', '1', '3', '1'), ('15', '资源管理', 'menu', '/resource', 'sys:resource:view', '', '1', '2', '2', '1', '1', '2', '0'), ('16', '资源新增', 'action', '', 'sys:resource:create', '', '1', '0', '15', '1', '1', '3', '1'), ('17', '资源修改', 'action', '', 'sys:resource:update', '', '1', '1', '15', '1', '1', '3', '1'), ('18', '资源删除', 'action', '', 'sys:resource:delete', '', '1', '2', '15', '1', '1', '3', '1'), ('19', '登录退出', 'menu', '/loginlogout', 'sys:loginlogout:view', '', '0', '4', '2', '1', '1', '2', '0');
COMMIT;

-- ----------------------------
--  Table structure for `sys_role`
-- ----------------------------
DROP TABLE IF EXISTS `sys_role`;
CREATE TABLE `sys_role` (
  `id` bigint(20) NOT NULL AUTO_INCREMENT COMMENT '角色id',
  `role` varchar(100) DEFAULT NULL COMMENT '角色名称',
  `description` varchar(100) DEFAULT NULL COMMENT '角色描述',
  PRIMARY KEY (`id`),
  UNIQUE KEY `unique_role` (`role`) COMMENT 'role名称必须唯一'
) ENGINE=InnoDB AUTO_INCREMENT=16 DEFAULT CHARSET=utf8;

-- ----------------------------
--  Records of `sys_role`
-- ----------------------------
BEGIN;
INSERT INTO `sys_role` VALUES ('1', 'admin', '超级管理员'), ('15', 'news_manager', '新闻管理员');
COMMIT;

-- ----------------------------
--  Table structure for `sys_role_resource`
-- ----------------------------
DROP TABLE IF EXISTS `sys_role_resource`;
CREATE TABLE `sys_role_resource` (
  `roleid` bigint(20) DEFAULT NULL COMMENT '角色id',
  `resourceid` bigint(20) DEFAULT NULL COMMENT '资源id'
) ENGINE=InnoDB DEFAULT CHARSET=utf8;

-- ----------------------------
--  Records of `sys_role_resource`
-- ----------------------------
BEGIN;
INSERT INTO `sys_role_resource` VALUES ('1', '2'), ('1', '3'), ('1', '4'), ('1', '5'), ('1', '6'), ('1', '7'), ('1', '8'), ('1', '9'), ('1', '10'), ('1', '15'), ('1', '16'), ('1', '17'), ('1', '18'), ('1', '11'), ('1', '12'), ('1', '13'), ('1', '14'), ('1', '19'), ('15', '2'), ('15', '3'), ('15', '5'), ('15', '6'), ('15', '7'), ('15', '8'), ('15', '9'), ('15', '10'), ('15', '15'), ('15', '16'), ('15', '18'), ('15', '17'), ('15', '12'), ('15', '11'), ('15', '13'), ('15', '14'), ('15', '19');
COMMIT;

-- ----------------------------
--  Table structure for `sys_user`
-- ----------------------------
DROP TABLE IF EXISTS `sys_user`;
CREATE TABLE `sys_user` (
  `id` bigint(20) NOT NULL AUTO_INCREMENT COMMENT 'id',
  `organization_id` bigint(20) DEFAULT NULL COMMENT '组织机构id',
  `username` varchar(100) DEFAULT NULL COMMENT '用户名',
  `password` varchar(100) DEFAULT NULL COMMENT '密码',
  `salt` varchar(100) DEFAULT NULL COMMENT '盐值',
  `locked` tinyint(1) DEFAULT '0' COMMENT '锁定',
  `creater` varchar(100) DEFAULT NULL COMMENT '创建人',
  PRIMARY KEY (`id`),
  UNIQUE KEY `idx_sys_user_username` (`username`),
  KEY `idx_sys_user_organization_id` (`organization_id`)
) ENGINE=InnoDB AUTO_INCREMENT=56 DEFAULT CHARSET=utf8;

-- ----------------------------
--  Records of `sys_user`
-- ----------------------------
BEGIN;
INSERT INTO `sys_user` VALUES ('1', '23', 'admin', '519e1aa00249d9b71e18473317fbb7ec', 'a74521cd75e0556ebe718246266b4df8', '0', null), ('42', '22', 'gujianfeng', '6c1169bffd54f558b0f359dbefa946cf', '1e7dd015fbef43e68b5050b2e9f28243', '0', 'admin'), ('43', '22', 'caojie', 'f44d0e156b2f7dc327837ad54cb8a82b', 'ae536cf25db7449ca29f4fe43a9c4f25', '1', 'admin'), ('44', '22', 'test1', '1ac249b84b449074a544391438fd61e3', '8675f3a5274be8f976ea129ed79fe3c9', '1', null), ('45', null, 'test2', '10d1726b902ada02c5ef149a4b7f9edc', '23f38a925c6f8609b1e35e023d57c12c', '1', null), ('46', null, 'test3', '9b012991d087db76743508f78d661be4', '309c0798b3e2f5d421e55c5ed084898c', '1', null), ('47', null, 'test4', 'bffebe964d0972ccc0ae354707ca2a84', '88bff1aa903646befe3eff651450dcc9', '1', null), ('48', '24', 'test5', 'ff0b47a3a05eeec5cf1400c096fc9143', '48baff870a24d6f298aeb3a2c4c3b30f', '1', null), ('49', '24', 'test6', '7e70740e3d41f9ada7686dff4eadb639', '6fe35299e0241c18927d05c36a9aeda1', '1', null), ('50', null, 'test7', '4894a813b1807b3df7301a76d1e2ff03', '40ef8dca76661aac1af0a202eb5c689b', '1', null), ('51', null, 'test8', 'a404896219be8b39221e2741ed2a6772', '9d1171a158b04929112640f33e5691d7', '1', null), ('52', null, 'test9', '97633ddbef0be205918532ca934dae61', 'a5ac174a461b2160bae0af9d1c3834c6', '1', null), ('53', '26', 'test10', '885dc7f19004dd91532e720a47b82380', 'a24ac5cf5686500d7e8b1e526222f216', '1', null), ('54', '26', 'test11', 'e3901c5a8296fc785a50ec83a82c58e9', '1e5f5375e2ced105da464e8f11abbf39', '1', null), ('55', '24', 'test12', '000a7325a6153009c66bcfbb7b6a2187', '2abdd93219c45a36a3495815105150d0', '1', null);
COMMIT;

-- ----------------------------
--  Table structure for `sys_user_role`
-- ----------------------------
DROP TABLE IF EXISTS `sys_user_role`;
CREATE TABLE `sys_user_role` (
  `userid` bigint(20) DEFAULT NULL COMMENT '用户id',
  `roleid` bigint(20) DEFAULT NULL COMMENT '角色id'
) ENGINE=InnoDB DEFAULT CHARSET=utf8 COLLATE=utf8_bin;

-- ----------------------------
--  Records of `sys_user_role`
-- ----------------------------
BEGIN;
INSERT INTO `sys_user_role` VALUES ('1', '1'), ('43', '15'), ('45', '1'), ('46', '1'), ('47', '1'), ('50', '1'), ('51', '1'), ('52', '1'), ('49', '1'), ('48', '1'), ('44', '1'), ('55', '1'), ('54', '1'), ('53', '1'), ('42', '15');
COMMIT;

SET FOREIGN_KEY_CHECKS = 1;
